key,date,article_daily_id,title,text
20120914-0,20120914,0,紐約時裝周再遇宿敵豬扒港姐張嘉兒削面撼世姐輸晒,紐約時裝周再遇宿敵 豬扒港姐張嘉兒削面撼世姐輸晒 《蘋果》紐約直擊 現年28歲的07年港姐冠軍張嘉兒，出道被嘲為豬扒港姐，經過多年漸漸洗甩污名，可是她在香港時間昨日凌晨現身紐約時裝周，再遇上當年在世界小姐選舉中擊敗她的冠軍張梓琳。昨日盛裝赴會的張嘉兒，近年雖削走pizza面，可是跟6呎內地高妹張梓琳硬撼，張嘉兒的娘爆造型與甫士完全輸晒。 同是07年選美出身的香港小姐冠軍張嘉兒和來自內地的世界小姐張梓琳，昨日凌晨在美國紐約出席時裝周，兩女同年選世界小姐，由欄王劉翔前女友張梓琳奪冠軍，張嘉兒只拿了個愛心小姐獎項。二人昨日力撐華裔設計師譚燕玉（Vivienne Tam）的2013春夏新裝騷，雖然張嘉兒和張梓琳同是冠軍人馬，可是並排合照時，張嘉兒不但身高輸蝕，就連打扮和樣貌都明顯給比下去，張嘉兒不但沒為港增光，反而被張梓琳大搶風頭。 拖狗行公園博艷遇 張嘉兒當年摘冠後，因為pizza闊面被封為豬扒港姐，其後更一度登上CNN新聞，成為國際笑料，張嘉兒懶理被笑，自信爆棚殺入娛圈，但近年她也受刀削面的大勢所趨，默默讓粉臉起革命，兩頰忽然削尖，較出道時上鏡，可是她昨日與勁敵張梓琳硬拼，張嘉兒仍是輸成條街，難怪著名外國賣相媒體Getty Images只認得索爆的張梓琳，不但清楚列出她的世姐冠軍名銜，就連名字都叫得出，反而張嘉兒卻僅被標出沒有名字的「Miss Hong Kong」。 身高6呎的張梓琳昨日以型格便服撐場，黑色上衣襯紅色短裙，她一雙長腿更加分不少。對比之下，足足矮她一個頭的張嘉兒，以黑色低胸短裙配透視薄紗的隆重晚裝look對撼，不但凸顯身形短小，造型又浮誇，再來一個手托香腮的娘爆甫士，豬扒港姐又再復活鏡前，認真嚇人。 大會對張嘉兒和張梓琳的待遇一致，同獲安排坐在第一行睇騷，她們也看得投入。張嘉兒表示首次到紐約，她此行還兼顧為明珠台主持節目《港生活．港享受》，訪問Vivienne Tam，張嘉兒說：「我通常俾人訪問多，今次要訪問人，我要做多好多功課，我都應付到。」張嘉兒自爆沒艷遇，但她說：「我聽人講拖隻狗去Central Park會易啲，我試吓租㗎單車去。」 張嘉兒昨晚又在微博興奮留言說：「Vivienne Tam fashion show後台的自拍照！第一次遇見好多外國雜誌的記者，不知道我會不會在《InStyle Magazine》出現呢！哈哈！《Teen Vogue》都有拍過照！但應該不會出吧，因為我都不Teen！」 模特兒出身的張梓琳表示已有五、六年沒行騷，難免技癢，她稍後將接拍電影，她說：「我會穿上比堅尼泳衣，所以近日要保持身形，我絕不會刻意賣弄性感，因為我本身是保守型。」身形高䠷的張梓琳表示找另一半有難度，她說：「我不會介意男友的高度，但如果對方太矮小，我想他也未必接受得來。」張梓琳又大讚紐約街頭多帥哥，但遺憾留美期間沒艷遇。 米高拖嘉芙蓮睇騷 紐約時裝騷一如以往眾星雲集，包括米高德格拉斯（Michael Douglas）與妻子嘉芙蓮薛達鍾絲（Catherine Zeta-Jones）等，不過成為焦點的，非前湯嫂姬蒂荷姆絲（Katie Holmes）莫屬，事關她跟碧咸嫂Victoria一樣，都擁有自己的品牌在紐約開騷，也是姬蒂成立品牌Holmes & Yang後首個時裝騷。她大前日緊張地對記者說：「我們引入了不少新的剪裁，能凸顯女性美。」前日姬蒂又換上另一套白色毛衣往午膳，看來心情大好。 採訪：顏英儀、李全 攝影：葉君海 大比拼：劉翔女vs金剛女 07年世界小姐冠軍張梓琳樣靚身材正，緋聞男友是欄王劉翔，而曾與金剛傳緋聞的07年港姐冠軍張嘉兒，卻慘封豬扒港姐，前年港姐冠軍陳庭欣及季軍莊思明也齊被封豬扒，更連美國CNNGo網站都指該屆港姐為豬扒盛會。
20120914-1,20120914,1,喊足17次　roll得一次機梁思浩控訴被星爺玩謝,"喊足17次　roll得一次機 梁思浩控訴被星爺玩謝 周星馳貴為香港影壇一哥，幾乎人人對他俯首稱臣，不過他出名得罪人多，梁思浩昨日接受now訪問，大爆當年拍戲曾被星爺虐待，不但問他：「死過老竇未呀？」更要他喊足17次卻只roll一次機，思浩發誓以後就算乞食，都不再拍星爺的戲。 周星馳最近被舊愛于文鳳追討7,000萬佣金，昨日梁思浩接受now的《娛樂審死官》錄影訪問踩多腳，大爆94年拍《國產凌凌漆》時被星爺虐待，他說：「98年喺無綫已經識佢，當時大家都係TVB藝員同事，我哋合作拍劇集《大都會》，佢做我哥哥，之後大家做咗朋友，佢第一架車都係我賣畀佢，大家感情幾好。」 寧做乞兒唔再拍 94年，星爺開拍電影《國產凌凌漆》，當時思浩在天津拍劇，收到星爺劇組人員的電話，基於兩人交情，他特地返港助星爺，講明是一萬元一組戲，他說：「去到片場見到周星馳，以為我哋係好朋友，就叫佢做星仔，點知佢冇理我，工作人員話要叫佢導演，我走埋去問佢：『導演，你要我點拍呢場槍斃打靶戲？』佢好大聲答：『喊呀，你識唔識喊呀做演員？』」 當時思浩不以為意，還指自己在圈中出名喊得，星爺聞言即說：「咁勁呀！哦，好呀，家講你打靶，拍啦！」思浩再問他要點喊？星爺竟說：「死老竇呀，死過老竇未呀？死老竇咁喊俾我睇，唔使對白，1、2、3、4咁數數到100。」結果思浩喊到聲嘶力竭，怎知星爺都不收貨，還發火勁鬧：「唔得呀，我要你死老竇呀，死兩次嗰隻呀！」結果他喊足17次，由朝早10點喊到凌晨5點。 拍完後，導演李力持走過來跟思浩說：「除咗第一take外，之後都冇roll機。」思浩才知被星爺當馬騮玩，他眼泛淚光說：「雖然喊咗成晚，但收工我都喊住走，我同自己講，就算將來做乞兒，我都唔會再拍周星馳啲戲。」故幾年後有製片找他拍《食神》，思浩都寧願推掉。 撰文：丁寧"
20120914-2,20120914,2,呂晶晶遭監製非禮,呂晶晶遭監製非禮 呂晶晶昨日在銅鑼灣出席護膚品店活動，原來她與亞視已沒合約兩個多月。提到無綫躁爆導演張永豪被踢爆向女新人劉蔚萱動粗，晶晶表示略有所聞，她坦言拍第一套劇時曾被男監製非禮。 晶晶說：「當時拍海中戲，套劇係女導演，本來好放心，點知個男監製唔使落水都落埋水，之後係咁摸我，其他人都見到，就係咁幫我擋住佢。」她表示當時向公司反映過，但不獲相信，只好啞忍，晶晶說：「當時唔敢同人講，淨係匿埋屋企喊。」但她不願透露是哪套劇跟哪個監製。翻查資料，晶晶拍的第一套劇是《爸爸向前走》，監製是連熾勳。 採訪、攝影：胡比
20120914-3,20120914,3,杏兒獲姐夫發聲明力撐,杏兒獲姐夫發聲明力撐 胡杏兒在9月9日立法會選舉日現身深水埗，一心支持本身是區議員的大姐夫鄭泳舜參選今屆立法會，還將與大家姐胡可兒及鄭泳舜的照片上載微博，豈料因鄭泳舜的民建聯成員身份惹來網民反感，聲言罷看她的劇集，甚至普選視后時也不會投她一票。 「不要抹黑她」 鄭泳舜前晚發聲明挺身維護太太及杏兒，內容如下：「我是鄭泳舜，胡杏兒的姐夫，我太太和胡杏兒選舉當天是我叫來的。她們來全是出於義氣和撐屋企人，請不要再難為和抹黑她們，要攻擊，請攻擊我，但請用你的文明來說服我。」他的行動得到不少人認同，認為禍不及妻兒。對於大姐夫出聲明為自己解窘，身在海南島拍攝《衝上雲霄II》的杏兒透過留言表示不會再為此事回應，另她在微博放了照片，指自己不小心整損腳部，現出心形的浪漫傷口。 採訪：丁寧
20120914-4,20120914,4,沙麗難忘被導演鬧,沙麗難忘被導演鬧 葉蒨文（沙麗）昨日在九龍灣為演唱會排舞，除大班舞蹈員外，更請來兩名俄羅斯男舞蹈員一起跳拉丁舞。沙麗表示之前病倒失聲，幸好煲了開聲茶，現在已好很多。是否老公林子祥煲？她笑說：「我煲畀佢就差唔多，佢啱啱由美國返嚟，成日話攰。」 最近無綫躁導演試戲時推撞新人，問沙麗有沒有類似經歷？她說：「冇試過暴力，但拍第一套戲喺氣溫只得四度嘅地方開工，酒店冇熱水冲凉，我同導演講想換酒店，佢唔畀，我畀錢就鬧我冇演員道德。」問是否當年拍電影《賓妹》，導演是卓伯棠？沙麗點頭默認。 採訪：胡比 攝影：黃文偉
20120914-5,20120914,5,魔童宣戰　開槍射無綫,魔童宣戰　開槍射無綫 魔童王維基揸弗的城市電訊，前晚在酒店舉行20周年派對。城電免費電視台一直未獲發牌，加上王維基之前大灑金錢簽藝員及製作劇集，一度被指閂水喉，當晚王維基和一眾高層揸水槍射向貌似TV Buddy的招牌，明寸無綫之餘擺明指自己水頭充足。 黃日華、張可頤、林文龍和關楚耀等約150多個藝員以及一班幕後工作人員，前晚到W酒店出席城市電訊20周年泳池派對；眾人分成七隊，每隊五個成員玩遊戲角逐兩萬元獎金，各人皆玩得相當投入，不少人落水變成落湯雞。而王維基率領高層上台，各人皆拿着水槍，射向貌似無綫TV Buddy的招牌，擺明槍頭指向無綫之餘，亦寓意公司水頭充足，打破之前指他們閂水喉的傳言。 黃日華親證阿佘被鬧 提到無綫躁底導演張永豪向新人劉蔚萱動粗，同樣被指躁底的黃日華說：「我見過佢，佢鬧阿佘（佘詩曼）嗰次我在場，見佢鬧咗阿佘兩句，但阿佘冇喊，阿佘EQ高又堅強。」有傳張永豪是高層曾勵珍的親戚而獲關照兼出言力撐，黃日華若有所指說：「高層講嘅咪啱囉，但我覺得要同演員溝通，唔得咪畀時間佢。」他坦言初出道時亦曾被人用粗口問候。若有幕後動粗罵他的女兒怎辦？黃日華慈父上身說：「梗係唔可以，我見到會出聲，太過份，我都試過俾對手唔留力咁打過，知乜嘢事，但都要硬食。」 黃日華跟乖女合作拍劇，問到表現是否合格？他坦言起初亦有擔心，幸好比預期中好，可能遺傳到他的演藝細胞，平時在家也有跟女兒練戲。知否女兒有否被人鬧？黃日華笑言：「冇，係都只有我鬧。」他又指不會阻止女兒拍親熱戲。 陳曼娜勸躁導返教會 同場的周家怡直認曾受過張永豪的氣說：「試過有次佢冇畀通告我，仲想將責任推畀我，又暗寸叫我唔好喊，話自己都識喊，佢係有問題，新人好陰功。」張可頤則稱未有和張永豪合作，但她覺得男人向女人動粗始終不對。 此外，陳曼娜被指曾和張永豪交惡，她否認說：「唔係唔啱，同佢幾熟，佢係年少氣盛得罪人。我同佢係朋友傾得埋，仲帶佢返教會，我都叫佢要改變，你估電視台係監獄咩！」她還力撐曾勵珍明白事理，又指不少導演也會教藝員演戲。 採訪：何慧斯 攝影：陳志嵐
20120914-6,20120914,6,王維基下禁抄令,王維基下禁抄令 城市電訊前晚在W酒店舉行泳池派對，慶祝成立20周年，揸弗人王維基領軍出動，表現相當風騷，雖然城電的免費電視台仍未獲政府發牌，但依然未減王維基的決心，他表示電視台已簽了超過220位藝員，但被問到依然未獲發牌，王維基聲稱：「好快會有消息。」 踢走黃馬褂 談到無綫不少劇集和節目被指抄襲，王維基聲言不准旗下員工作出此行為。至於無綫導演張永豪被踢爆對新人劉蔚萱動粗，王維基再寸無綫說：「工作人員梗係唔可以蝦新人，電視係人嘅行業，要互相尊重，高層係俾人出氣，唔可以高高在上。如果發生喺我公司，我一定好嬲。」王維基坦言起初成立時，有叫親戚加入公司幫手，不過上了軌道便請他們離開，以免招來話柄。採訪：何慧斯攝影：陳志嵐
20120914-7,20120914,7,花絮：陳宇琛直豎中指,花絮：陳宇琛直豎中指 轉換工作環境連帶個人都大轉變，石修個仔陳宇琛以前在無綫多數扮演乖乖仔角色，但自從過檔城電，雖未有新劇播映，但前晚派對上就舉晒中指變bad boy，使唔使咁興奮先？
20120914-8,20120914,8,花絮：黃美棋撻親pat pat,花絮：黃美棋撻親pat pat 黃美棋可謂女大十八變，現在已長得亭亭玉立，難怪成為宅男女神。前晚黃美棋悉心打扮出席派對，當她落泳池玩遊戲時不慎滑倒撞親pat pat，但她依然保持儀態捉實裙腳防走光，宅男fans必定好心痛。
20120914-9,20120914,9,花絮：黃文慧水着搶鏡,花絮：黃文慧水着搶鏡 近年成為杜琪峯愛將的黃文慧亦簽約加入城電的電視台，不過暫時未有機會見到她的演出。前晚黃文慧湊熱鬧換上泳衣出席派對，在泳衣內再加粉紅leggings，防走光之餘亦成功搶鏡。
20120914-10,20120914,10,銅鑼灣渣甸街→九龍城學生妹失控　金田一反轉老銅,銅鑼灣渣甸街→九龍城 學生妹失控　金田一反轉老銅 日本政府買釣魚島，令來港拍特別版《金田一少年之事件簿》嘅演員山田涼介、川口春奈同有岡大貴前日喺北角俾愛國阿伯鬧，但佢哋嘅香港fans都唔少，前晚就有百幾個粉絲去銅鑼灣渣甸街一幢唐樓等佢哋，當中唔少係着住校服嘅學生妹㖭。 吳尊扑親頭 前日傍晚6點幾，三名日本演員一早到咗，到7點等埋徐若瑄同吳尊，佢哋就落車上樓開工，成班fans一擁而上，嚇到徐若瑄有啲驚，工作人員好似打排球咁，舉起手築長城掩護班演員，不過吳尊收禮物時唔小心扑親頭。佢哋喺唐樓露台拍攝，至凌晨至收工。到噚日朝早7點幾，《金》劇演員又去九龍城嘅九龍寨城公園取景，有半百粉絲晨咁早探班，當中竟有《天與地》嘅「少女阿Yan」蔣家旻，佢話陪朋友嚟，講到尾佢先認自己係山田涼介嘅粉絲！ 採訪、攝影：李志明、彭琮然、羅德光
20120914-11,20120914,11,北京城城開工瞌眼瞓,北京 城城開工瞌眼瞓 近日郭富城特別忙，啱啱過咗去嘅星期日至喺新加坡開完巡迴演唱會，早幾日佢已經飛到北京宣傳電影《寒戰》。城城日前一身黑T恤襯牛仔褲喺北京現身，不過真係太頻撲唔夠瞓，佢一路行一路捽眼，細路仔唔好學呀！佢去一個座談會同幾名藝術家交談咗一陣，鍾意打邊爐嘅城城一做完嘢，即刻同助手飛車去北京著名嘅皇城老媽火鍋店擦餐勁！撰文：葉雪
20120914-12,20120914,12,台北陳冠希帶女食冰,台北 陳冠希帶女食冰 講起淫照，近期啲人梗係諗起台灣嘅李宗瑞，不過論資排輩依然係陳冠希（Edison）封為淫照始祖。近日經常喺台灣出沒嘅Edison又俾人影到搭上台北潮店Juice嘅女店員。 話說早前Edison去完簽書會後，夜晚就一身背心、反戴cap帽潮人打扮現身寧夏夜市，身邊嘅就係嗰位女店員，佢哋去到一檔出名賣麻糬冰嘅店舖食冰，好多在場嘅食客都認出陳冠希㖭。撰文：李森
20120914-13,20120914,13,台北Ella拉姊妹過檔,台北 Ella拉姊妹過檔 台灣組合S.H.E成員Selina同Ella，月初參加所屬唱片公司搞嘅員工旅行團，去日本石垣島玩。出發當日，受傷後第一次出國玩嘅Selina好興奮，不停喺台灣機場同Ella玩自拍，Ella就帶埋老公「馬來糕」賀斯翔同行。聽聞Ella出年約滿後想同老公組經理人公司打天下，第一步係拉攏兩位好姊妹過檔，馬來糕上月離職做咗十年嘅消費用品工作，所以都唔係空穴來風。撰文：李森
20120914-14,20120914,14,近6萬網友撐攞最佳男配角基出位古明華,近6萬網友撐攞最佳男配角 基出位古明華 無綫劇《巴不得媽媽…》令女主角之一的岑麗香迅速上位，劇中飾演蘇基的綠葉古明華也備受追捧，網友愛他基味濃而不核突，網友遂發起「一人一like撐蘇基攞獎」行動，支持他挑戰今年台慶最佳男配角或飛躍進步男藝員獎，截至昨日已獲近6萬名網友like。 其實古明華早在網友心中已是響噹噹的人物，他94年在周星馳電影《國產凌凌漆》中演的公安阿頭，亂槍掃射喊得極度樣衰的梁思浩、鄧兆尊，大快人心而被網友勁讚。古明華在無綫劇《巴不得媽媽…》飾演乸型蘇基，基味濃得來夠搞笑又不核突。 前晚一集古明華與養母蘇恩磁的母子情亦甚感動，網友遂發起「一人一like撐蘇基攞獎」行動，支持古明華爭今年飛躍進步男藝員獎或最佳男配角，截至昨日已獲近6萬網友like。 「第一次咁多人撐」 古明華昨接受電話訪問，被問到網友支持他角逐獎項時謙虛地說：「好開心，估唔到反應咁大，但開心之餘其實睇番仲有好多不足嘅地方，希望觀眾睇清楚啲有好多做得唔好，但點都多謝佢哋，第一次咁多人撐我，有少少迷惘，多謝佢哋支持我，未來會更加努力答謝佢哋。」 問到是否想攞獎？古明華說：「呢個好被動，公司政策，啲獎畀邊個，大家會明白，咁多人支持當然希望攞，但除努力做好工作外，冇乜嘢做到，好被動。」 學院派曾逐金像獎 人稱古佬的古明華不但是實力派，更是學院派，90年在香港演藝學院畢業，曾是香港話劇團成員，93年以電影《旺角馬場》角逐第十二屆香港電影金像獎最佳新人，對手有袁詠儀、朱茵和鄭秀文等，但最終敗給袁詠儀。古明華亦是配音員，曾為賣座動畫《反斗奇兵》系列聲演士兵隊長。 採訪：汪芷寧
20120914-15,20120914,15,世榮轟日本賊性難改,世榮轟日本賊性難改 近日因釣魚台主權問題，令中日關係陷入緊張，昨日葉世榮在微博留言狂轟日本人：「如今日本右翼同樣利用日本人民在第二次世界大戰失敗的情緒，留戀七十多年前那段打遍天下無敵手的歲月，復興軍國主義和法西斯主義，賊性難改！實在可恥！」跟台灣天王周杰倫合作無間的音樂人方文山，日前也在微博指摘日本，他貼出一張和周杰倫的舊合照，背後有他指是日本小孩所寫的書法，當中寫着「世界和平」，方文山說：「雖然你們的小學生努力學寫漢字……但釣魚台還是我們的！」撰文：林妃
20120914-16,20120914,16,蒙麪被Fans斥無禮,蒙麪被Fans斥無禮 蒙嘉慧（YoYo）和鄭伊健（伊麪）拍拖多年，終於宣佈明年結婚，準鄭太前晚揸車到機場接伊健機，遇上fans要求跟伊健合照，怎知YoYo立即開車走人，該fans在微博公開埋怨：「昨晚喺香港機場見到你接鄭伊健飛機，我請求伊健同我影張合照，點知……我覺得佢唔係好禮貌咯！」 YoYo不甘被罵冇禮，在微博留言反駁：「抱歉沒有跟你合照，但希望明白當時停泊位置屬於不能候車，以及後面還有車輛，故需即時駛離！以及在婉拒之後你亦不理，還於路中繼續拍攝，為免引起意外，才需加快離開！」　撰文：葉雪
20120914-17,20120914,17,葉璇撻着小沈陽,葉璇撻着小沈陽 葉璇、苑瓊丹和小沈陽等前日在北京懷柔拍攝內地劇《抓緊時間愛》，小沈陽扮演花心男，換女無數，直至在夜店遇上葉璇，小沈陽竟對她一見鍾情，兩人成為歡喜冤家，慢慢產生感情。 大讚風趣幽默 談到今次合作，葉璇和小沈陽坦言每次見面大家都會發生奇妙的化學反應，前日二人在拍攝現場大晒恩愛，又互送高帽，小沈陽大讚葉璇說：「她性格很好，長得又美。」葉璇也讚小沈陽很風趣幽默，是好男人。採訪、攝影：陶然婷
20120914-18,20120914,18,周家蔚低炒晒巨肚,周家蔚低炒晒巨肚 被喻為慳家新抱29歲的周家蔚早前同湯盈盈去尖沙嘴食廉價茶餐，又到加連威老道掃平衫，引為一時佳話。昨日家蔚又在微博上載自家減肥浸腳療程，可謂省錢省到盡，同時她貼上自己懷胎四個多月的巨肚，分享感受到肚中孩子在動的興奮。 本星期初兩個大肚婆洪太周家蔚，跟準錢嘉樂太太湯盈盈去尖沙嘴逛街，一個下午連吃帶買兩人消費平均不到200元，節儉的美德為她們贏得慳家新抱的美名。昨日凌晨時份，周家蔚又在微博貼上一張肚大如籮的孕婦照，並留言說：「開始感覺到他動啊！」仿如即將要臨盆一樣。 留家浸腳安胎 家蔚昨日接受電話訪問時，就解釋只是角度問題，她說：「其實係角度問題啫，因為係低炒喺下面影上去，所以你咪覺得特別大囉！」不過她笑言自己雖然懷孕四個多月，但確實比同期孕婦的肚來得大，她說：「我有啲生過嘅朋友都話我個肚睇落似唔止四個幾月，好在淨係肚大，我就冇乜點長肉。」家蔚笑言拍照時正在浸腳消腫順便做埋減肥，原本是要整個人泡水，但她怕影響BB故只浸腳，連減肥都在自家完成，洪門慳家新抱當之無愧。 何嘉莉B曬太陽 此外，前英皇小花退出娛樂圈後轉型做形象設計，並且已嫁作人婦的何嘉莉（Lillian）在上月31日誕下一名重6.7磅的龍B仔，她除上載新生BB的照片在微博外，昨日亦放了一張為BB戴太陽眼鏡的照片晒溫馨。Lillian早前跟時裝品牌Moiselle太子爺陳柏熹合資七位數開設時裝店，期間已透露待坐滿月後就會極速復出工作。 採訪：葉雪
20120914-19,20120914,19,陶喆為父不再反叛,陶喆為父不再反叛 陶喆父親資深藝人陶大偉前日因肺癌導致器官衰竭病逝，享年69歲，還差16日才滿70大壽。陶大偉臨終一刻獲兒子和太太相伴在側，好友張小燕、朱延平等跟他道別。 群星悼念 據知陶大偉的遺體將火化，失去父親的陶喆傷心不已，消息指父子感情很好，由於父親病情反覆，陶喆一改反叛個性不再駁嘴，為陪伴爸媽食飯，推掉不少商演。陶喆好友紛紛在微博留言悼念世伯，劉若英寫道：「陪伴我童年至年少歡樂的記憶。陶叔叔，走好。我們永遠記得你！」曾跟陶大偉合作拍電影《天下一大笑》的鍾鎮濤留言：「懷念他的笑容，他的歌，他的親切！大偉兄，一路好走！」庾澄慶安慰陶喆有個好爸爸，並留言：「好喜歡他！一直到現在，這感覺沒變過。」撰文：丁寧
20120914-20,20120914,20,祥嫂自爆逼婚保家產,祥嫂自爆逼婚保家產 洪金梅（祥嫂）昨日接受商台節目《1圈圈》訪問，她表示目前最大的心願是成立新馬司曾（祥哥）紀念館。提及當年祥哥追求她的往事，她笑言：「嗰時有一個老前輩帶我入馬場，咁啱行過祥哥身邊。祥哥對我一見鍾情，佢之後發散晒人搵我。當時有三個男人追求我，最冇環境就係祥哥，但佢優勝之處係冇家室，其他兩個都有太太。」此外，祥嫂透露多次為結婚一事與祥哥吵架，她說：「正式嫁人係我終生願望，所以我要求佢畀我法律保障，最後佢應承我；加上後期祥哥都叫有家財，我都怕出邊啲外人同我爭，要保障自己同屋企。」祥嫂又指曾有其他女人出現祥哥身邊，但她遮掩得好，故外界並不知情。撰文：李珮洳
20120914-21,20120914,21,Mr.拒牽涉政治,Mr.拒牽涉政治 樂隊Mr.昨日到商台宣傳新歌《What R We Fighting 4》，他們早前更為此親身做街訪，Dash表示：「我哋訪問咗小朋友、後生仔、主婦同老人家，好多人嘅答案都答係為咗屋企奮鬥，其中有一個18歲嘅後生仔，好老實答我佢係為咗錢同女人，我都唔夠膽咁答。」 沒封嘴令 問到Mr.新歌會否有寫到關於國民教育的社會事？他們說：「我哋一直都唔係咁牽涉政治，總之大家聽到啲乜自己意會啦，之前我哋寫首回歸歌都俾人話啦！」此外，Mr.表示公司沒有要求他們封嘴不要講太多政治話題。
20120914-22,20120914,22,剪夫妻頭顯真我活麗明剷青返模界,剪夫妻頭顯真我 活麗明剷青返模界 94年港姐亞軍活麗明婚後淡出娛圈，她前晚以剷青髮型現身時裝活動，似足80年代紅極一時的愛爾蘭女歌手Sinead O'Connor。活麗明說鼓起勇氣剪了與老公陳忠偉一樣的髮型後，感覺舒服，因不用隱藏自己性格，她更表示有興趣重操故業做模特兒。 現年37歲的94年港姐亞軍活麗明、伍詠薇、王敏德及馬詩慧夫婦等，前晚現身金鐘太古廣場的時裝活動。久未露面的活麗明與曾在明珠台任主持的夫婿陳忠偉一同前來，活麗明以剷青頭示人，與她早年幕前的女人味形象大有不同，不過其身形依然保持纖瘦。 與風水健康無關 活麗明的髮型似足80年代愛爾蘭女歌手Sinead O'Connor，活麗明說老公也認同：「老公好鍾意，家同老公髮型一樣，似足twins。」問活麗明為何剷青，她說：「想剪好多年，以前冇咁有勇氣。我留長髮多年，平日鍾意做運動同游水，自己親自剃光，由9mm到6mm，到家3mm，剪咗之後好舒服，唔使理人點睇，我覺得長頭髮會隱藏自己性格，剪髮唔關風水同健康事。」活麗明亦說有興趣再做模特兒。伍詠薇透露今年只拍了無綫劇《金枝慾孽（貳）》：「一年拍一部OK。」提到近日有導演涉嫌糟質神獸女，伍姑娘說：「我識佢，睇報紙先知，唔知咁多。」問她會否驚受此待遇，她表示：「唔驚，做好自己本份，記晒對白，勤力演員使乜驚，自己做新人都試過衰貪玩，俾導演鬧。」 伍姑娘：大事化小 問伍姑娘會否覺得受害演員慘，她表示：「珍姐（曾勵珍）都出咗嚟講，大家都唔喺現場，唔好斷章取義，大家大事化小，導演同演員情緒最緊要開心。」採訪：盧妹　攝影：黃文偉
20120914-23,20120914,23,吳奇隆壓力爆煲落淚,吳奇隆壓力爆煲落淚 由吳奇隆出品兼主演的電視劇《新白髮魔女傳》前日於內地開記招，同場還有內地女演員劉思彤以及跟賈曉晨蜜運中的樊少皇等。眾演員以白裇衫配紅領巾及牛仔褲現身，好像紅小兵，只有劉思彤未配合，結果被吳奇隆「訓話」，劉思彤解釋說：「其實我是穿了牛仔褲，只是裇衫太長蓋住了。」由於《新》劇是邊拍邊播出，故平日對拍戲甚有要求的吳奇隆坦言壓力甚大，更一度感觸落淚，他說：「後來和劇組協調了，覺得可以試試看，快並不代表品質不好。」撰文：葉雪
20120914-24,20120914,24,鄒文正做一哥呻吃力,鄒文正做一哥呻吃力 金牌大風新人歌手鄒文正及女子組合AOA等昨於銅鑼灣某酒吧出席活動，去年才正式出道的鄒文正，因公司的歌手相繼轉會頓成公司一哥，問其工作量可有因公司歌手減少而下跌？鄒文正說：「都唔係，大家畀心機做啦，原本我下個月出EP，不過因為最近忙住客串電影同電視劇，所以要推遲。」鄒文正坦言背上一哥之名有點吃力，故希望公司能簽回一些資深歌手分擔一下，他說：「希望公司簽啲人，可以喺佢哋身上學吓嘢。」同場的AOA表示下月出新專輯，她們又指早前曾到泰國布吉拍攝宣傳片：「因為係介紹酒店，所以都係背心短褲上陣。」採訪、攝影：楊潔雯
20120914-25,20120914,25,糖妹行山建立好形象,糖妹行山建立好形象 糖兄妹昨日以大使身份，到昂平市集出席慈善步行記招。糖兄妹稱平日也有行山，並透露活動當日也會參與，跟一眾年輕人行山，糖妹說：「我8月先行完，平時都係行吓水庫，可能我哋兩個形象健康，所以平時搵我哋嘅活動好多都係要行山做運動嘅。」雖然參與行山等戶外活動容易曬黑皮膚，不過糖妹直言並不擔心：「唔擔心會曬黑，搽多啲防曬就得，要趁年輕行多啲山。」糖妹更興奮表示自己昨日是首次以工作身份乘纜車。採訪、攝影：王崇穎
20120914-26,20120914,26,馮仁昭四圍超：轉會即變無綫敵人　官恩娜鬼祟投華納 - 馮仁昭,馮仁昭四圍超： 轉會即變無綫敵人　官恩娜鬼祟投華納 - 馮仁昭 官恩娜（Ella）同前公司Boombeat Music解約之後，上個月簽咗華納，頂替薛凱琪（Fiona）嘅一姐位，Fiona就去咗黃柏高嘅太陽娛樂。上星期，Fiona谷行咪咪大鑼大鼓加盟新公司，相反，華納到家都未幫Ella開記者會宣佈加盟，只係派助手跟Ella出席公開活動，表現相當低調。馮仁昭收到風，Ella喺前公司同無綫簽落嘅歌手合約，到12月先屆滿，而佢幫無綫拍嘅劇集《雷霆掃毒》仲未播，因為華納屬於四大唱片，雖然佢哋同無綫嘅版稅問題已解決，但合約問題仍然冇得傾，華納歌手唔簽約就冇得上無綫。華納為免Ella尷尬，寧願等佢約滿無綫，先開記者會公佈加盟。馮仁昭向華納求證，發言人例牌話唔關敏感事，只係想等Ella出碟先開記者會宣佈加盟啫。 新劇宣傳片被飛 無綫方面亦好頭痕，決定安排《雷霆掃毒》喺9月24號播出，趕及Ella約滿前播完，聽講之前無綫本來想搵Ella唱片尾曲，主題曲就由同劇嘅林峯演繹，好在Ella嗰排冇時間錄音咋，否則可能連歌都要抽起！不過，無綫為咗唔幫四大歌手，《雷》劇嘅宣傳片本來有Ella嘅大側面，但最近都狠心剪埋，身為女主角嘅佢連一個shot都冇，都算慘情！
20120914-27,20120914,27,馮仁昭四圍超：呂慧儀怕被蝦唔生蛇B - 馮仁昭,馮仁昭四圍超：呂慧儀怕被蝦唔生蛇B - 馮仁昭 呂慧儀噚日同肥媽瑪利亞等，喺將軍澳電視廣播城為薛家燕主持嘅飲食節目做嘉賓。問經常被傳大肚嘅慧儀會唔會為生B而為老公燉補品？佢話：「我老公好強壯，唔使補喇，我哋唔係好心急要BB，加上明年係蛇年，我老公又屬蛇，我唔想屋企有兩條蛇蝦我，不如過吓二人世界先。」不過慧儀話都會搵堪輿學家蘇民峰推算吓幾時適合生B。
20120914-28,20120914,28,馮仁昭四圍超：吳思遠做院士推動電影 - 馮仁昭,馮仁昭四圍超：吳思遠做院士推動電影 - 馮仁昭 為電影圈出咗唔少力嘅吳思遠，噚日去到浸會大學，獲頒授榮譽大學院士，吳思遠太太都有去現場支持。噚日吳導演心情好興奮，但一講到香港影圈就有啲失望咁話：「香港電影家好缺乏人才，尤其大部份電影都喺內地拍攝，好需要培育新力量。」吳導演又親自栽培人才，有時間會親自去浸會大學教學，同學生交流，真係唔話得。
20120914-29,20120914,29,馮仁昭四圍超：周柏豪遇面具女冇得錫 - 馮仁昭,馮仁昭四圍超：周柏豪遇面具女冇得錫 - 馮仁昭 周柏豪早前為新歌《斬立決》拍MV，仲搵咗啲靚女model做女主角，柏豪以為公司咁益佢，但啲model全程都戴住面具，柏豪話：「其中一個仲要係戴防毒面具，莫講話親熱，我連佢個樣都睇唔清楚。」柏豪喺MV度要戴真手銬，鎖匙交畀化妝師保管，點知有次佢想去廁所，化妝師整蠱佢話唔見咗條匙，搞到柏豪唔知點算好。
20120914-30,20120914,30,馮仁昭四圍超：謝霆鋒拍爆炸戲嗌驚險 - 馮仁昭,馮仁昭四圍超：謝霆鋒拍爆炸戲嗌驚險 - 馮仁昭 拍戲一向唔錫身嘅謝霆鋒，最近拍電影《消失的子彈》一場大型爆炸戲時，竟然罕有咁高呼驚險話：「家拍呢啲場面已經唔會驚，但拍嗰場戲時，令我諗起自己啱啱拍動作片時嘅經歷，有啲感慨。」埸戲講霆鋒要同一個女仔喺爆炸中逃生，開拍前佢排咗好多次，但到拍攝時，霆鋒手上嘅盾牌仍被炸至飛脫，好彩佢兩個冇受傷。
20120914-31,20120914,31,馮仁昭四圍超：黃淑儀讚汪明荃有風範 - 馮仁昭,馮仁昭四圍超：黃淑儀讚汪明荃有風範 - 馮仁昭 黃淑儀噚日接受商台電話訪問，講到同汪明荃演無綫劇《巴不得媽媽…》傳不和，佢話拍劇時已經有記者問佢兩個係咪唔啱，當時佢回應唔係事實嘅嘢唔答，最搞笑係連身邊朋友都以為係真。《巴》劇原來係黃淑儀同阿姐事隔30幾年再合作，黃淑儀覺得阿姐真係阿姐，佢話：「佢會有意見，不論對自己定係其他人，大家都係為個劇好，佢認為要提點就會出聲。」
20120914-32,20120914,32,關仁隱事：「阮阮」記仇玩謝「老尼」 - 關仁,關仁隱事：「阮阮」記仇玩謝「老尼」 - 關仁 由後生做到老嘅「臭草」因為得罪咗高層「阮阮」，呢排都已經冇乜嘢做。隻手遮天嘅阮阮嘅小器紀錄真係數都數唔晒，有啲人得罪佢，佢幾十年都記住。好似當年有位當紅小生「老尼」，阮阮非常嗒佢糖，千方百計要佢入自己公司，點知老尼不識抬舉，不斷咁推佢，就算人哋拍心口答應話搞掂舊公司份約，老尼都唔肯。呢個仇阮阮記到老，到老尼年老色衰入咗電視台嘅時候，第一年都冇乜嘢仲爆晒show，點知去到第二年老尼就量足成年地，佢打聽之下，原來係有人落聖旨唔准人用佢，到約滿咗都冇再續約，認真慘。撰文：關仁
20120914-33,20120914,33,蘋影話：多倫多電影節文學與電影迸出火花,蘋影話：多倫多電影節 文學與電影迸出火花 去年獲邀出任多倫多影展的國際影評人獎（FIPRESCI）評委，候選影片的導演通常比較新銳，因為早由大會選定，合乎我個人口味的好片不算多。今年不用擔任評審，可以根據自己意願揀戲睇，最穩妥是專揀大師或著名導演的作品了。抵埗翌日，第一場就趕去看拉烏盧易玆（Raul Ruiz）的遺作《Night Across The Street》。盧易玆生前是流亡法國的智利導演，長居巴黎，我跟他認識超過二十年，曾在香港為他搞過小型回顧展，說是「小型」，因為他老人家拍片過百部。他去年七月逝世，太太Valeria是他的御用剪接師，也當過導演，所以在他死後仍陸續有新片推出。本片依然充滿他過往作品中常有的南美文學魔幻寫實主義風格，而明顯地有更多有關死亡的題旨，以及童年的回憶和奇想，片中出現的法國作家紀諾（Jean Giono）和貝多芬去看電影的情節，都饒有趣味。也由於影片沒有法國紅星助陣，觀眾對象更為小眾，但盧易玆的忠實粉絲不會失望。法國導演法蘭索瓦奧桑（Francois Ozon）的新作 《In The House》，也充滿着法蘭西文學的氣息。巴黎的福樓拜（Gustave Flaubert）中學，教文學的老師對甲同學的作文才華頗為賞識，甲同學暗戀乙同學的母親，作文時有如寫連載小說，令老師和太太都追着看，影片時虛時實，當中隱然有包法莉夫人（Madame Bovary）的深閨寂寞，但奧桑的敍事手法超越傳統寫實，結局更超乎觀眾想像，乃奧桑近年佳作。撰文：黃國兆 http://blog.yahoo.com/freddiewongkwokshiu 
20120914-34,20120914,34,爽影評：《轟天猛將2》動作要贏特技要輸,爽影評：《轟天猛將2》動作要贏特技要輸 電影裏的史泰龍，真係冇得輸，年過60繼續打，由頭打到落尾，雖然你不會忍心這位一代打星，仍要搏老命，但的確打得好睇，好看在拳拳打真軍，沒有浮誇的3D特效，粗獷、流血流汗，才是動作片的王道。同場還有阿諾舒華辛力加、布斯韋利士、尚格雲頓，擺出上一代動作All Stars陣容，是否動作不再流行？如果是真，《轟》片便不會開拍續集。片中更精采是炒車真係炒車，擊落飛機真係擊落飛機，原始野性的暴力成功吸睛。 善人 ★★★ （5個★為滿分）
20120914-35,20120914,35,周迅素顏嚇人,周迅素顏嚇人 大家唔係睇緊《畫皮II》，周迅塊皮係堅嘅，亦冇任何電腦效果。佢前日下晝去台灣，素顏出巡嘅周迅真係遜咗少少喎，塊面一撻撻咁，皮膚又差，仲以為佢啱啱喺礦洞走出嚟，就算即場派飛吻都冇人想接。噚日周迅就出席咗護膚品活動，化行妝嘅佢即刻靚番晒，自信返晒嚟，所以話買化妝品嘅錢真係唔慳得。提到塊面一撻撻，周迅解釋話因為皮膚過敏喎。撰文：洪紅克
20120914-36,20120914,36,大元暴脹走樣,大元暴脹走樣 記唔記得有一排高登仔嬲咗房祖名？因為佢同台灣女神大元傳緋聞嘛。 冇見一輪嘅大元前日喺台灣出席活動，無論身形、塊面同對腳居然脹咗幾個碼，成隻大笨象咁款，名副其實越大越圓呀，高登巴打點睇？
20120914-37,20120914,37,張智霖帶病開工,張智霖帶病開工 張智霖最近拍飲品廣告，要佢喺鏡頭前狂食串燒，然後飲產品大讚清熱氣之類，認真例牌。不過ChiLam拍嗰日係堅病，仲發緊燒，佢頂到拍完廣告之後先講出嚟，費事大家為佢擔心嘛。
20120914-38,20120914,38,潘瑋柏深情攬女,潘瑋柏深情攬女 潘瑋柏最近拍攝《忘記擁抱》MV，請咗阮經天女友許瑋甯做主角，原來佢哋十前曾經擦身而過，今次終於有機會合作。MV入面，潘瑋柏有機會攬實靚女許瑋甯，但又要深情咁喊，真係好考演技㗎！
20120914-39,20120914,39,樂仔潛水腿張開,樂仔潛水腿張開 余文樂噚日喺網上擺咗張潛水相，腿張開嘅佢仲開心到豎晒V字，原來佢約咗幾個男仔玩浮潛，俾網友笑佢好基，話估唔到佢放假都唔約女，唔知係咪俾之前啲緋聞嚇親呢！
20120914-40,20120914,40,靠估IQ題：誰是超蓮？,靠估IQ題：誰是超蓮？ （答案請在內文找）早排傳話賭王靚女千金何超蓮有興趣幫無綫主持節目，雖然唔知落實未，但已經搞到班宅男鬼咁興奮。話晒要上鏡，超蓮噚日凌晨同班friend一齊敷面膜，撻晒啲泥上面，邊個係超蓮？右邊嗰個呀！
20120914-41,20120914,41,劉華贏盡細路心,劉華贏盡細路心 有劉華嘅地方就有歡笑聲，講緊嘅梗係唔係劉江華啦，係屬於香港人嘅劉德華呀。佢早排幫連鎖快餐店拍廣告，宣傳「愛心童樂日」，去到欣澳同埋班天真活潑嘅小朋友一齊拍外景。大家都知劉華幾有影響力㗎啦，班細路仔一見到佢，即刻撲埋去，導演拿拿臨roll機，連action都唔使嗌呀。11月，華仔仲會同班小朋友一齊參加馬拉松，希望可以籌多啲錢幫患有重病嘅小朋友。撰文：洪紅克
20120914-42,20120914,42,張晉冧到飛起,張晉冧到飛起 蔡少芬張晉呢對模範夫妻，自從上年生咗囡囡Zoe後，生活更加美滿。噚日張晉開工之前，特登同囡囡玩番陣。睇佢為咗冧囡囡，一嘢跳起，仲凌空做出一字馬，幾咁架勢，囡囡就掛住食嘢，成幅構圖cute到爆。
20120914-43,20120914,43,林德信貪玩掃屋,林德信貪玩掃屋 林德信下月會推出EP，早排就拍咗套音樂微電影《偶然初夏》，仲搵咗孫耀威幫拖，套微電影講佢因為掛住前度，搞到茶飯不思，成個憂鬱小生咁款；不過佢都好鬼貪玩，攞住掃帚打掃屋企嘅時候，就攞咗嚟掃天花，好搞嘢！
20120914-44,20120914,44,任達華跳騎馬舞,任達華跳騎馬舞 入鄉幾時都要隨俗。任達華前晚單拖去韓國首爾一間戲院宣傳《大追捕》，一到埗就猛跳肥阿叔歌手PSY嘅騎馬舞。已經57歲嘅華哥仲係咁有精力，猛話自己嘅心臟同廿幾歲仔冇分別喎！
20120914-45,20120914,45,張雨綺晒事業線,張雨綺晒事業線 張雨綺同王全安套夫妻作《白鹿原》，臨上映前突然甩轆，話係「技術問題」要延遲上映喎，唔知係咪因為張雨綺着住衫拍嘅床戲太激呢？不過唔緊要，佢最近幫《優家畫報》拍封面照，晒事業線，都有啲睇頭㗎。
20120914-46,20120914,46,靠估IQ題：B女搞乜鬼？,靠估IQ題：B女搞乜鬼？ （答案請在內文找）嘩！邊個女星將個B女搞到成個孫悟空咁？原來係文頌嫻，B女Jamie都未夠一個月大，就搞到鬼五馬六，乜咁大整蠱呀？文女話因為BB同老竇太似樣，所以忍唔住要幫佢「化妝」，希望化完會似媽咪多啲喎。
20120914-47,20120914,47,真正狗仔隊,真正狗仔隊 英國電視女星暨模特兒Jodie Kidd，前日帶住八隻愛犬周圍走，發揮佢平時嘅天橋魅力，但唔知係咪太耐冇出街啦，成班狗一見陽光就起勢咁走，搞到着紅色外套嘅Jodie幾乎拉唔住。其實Jodie係響應早前舉辦嘅「英國最歡迎狗仔嘅地方」選舉，名勝處處、面臨海邊嘅布萊頓（Brighton）當選，所以呢位6呎高模就帶佢啲狗狗出嚟，睇下係咪真係咁正咯！
20120914-48,20120914,48,Harper發牙痕,Harper發牙痕 越大越似碧咸嘅Harper Seven，原來已經出咗牙仔，噚日佢同阿媽Victoria喺紐約現身嗰陣，忍唔住用手指撩隻牙。不過小Harper連撩牙都優雅過人，睇佢撩到尾指都豎起就知啦。
20120914-49,20120914,49,小奧雲拖雲斯囡囡,小奧雲拖雲斯囡囡 喜劇《冒牌伴郎生擒姊妹團》兩位男主角奧雲韋遜同雲斯韋漢，最近再次合作拍戲，奧雲囝囝Robert同雲斯囡囡Locklyn手拖手去片場探班，真係可愛到暈。唔知第日奧雲同雲斯做唔做得成親家呢？
20120914-50,20120914,50,Robbie唱到飛起,Robbie唱到飛起 英國男歌手Robbie Williams噚日喺蘇格蘭開騷，就嚟做老竇嘅佢非常賣力，唱到成個人飛起，又扮奧運飛人保特嘅招牌動作。有自家時裝品牌嘅Robbie，仲話好想學碧咸咁賣底褲喎。
20120914-51,20120914,51,小Justin揦晒口面,小Justin揦晒口面 Justin Bieber噚日當離開倫敦一間酒店時，見到成村米飯班主喺度，點都要去應酬下，點知有個女歌迷突然捉實佢，更公然索吻，搞到小Justin面露想推開又做唔出嘅尷尬表情。難怪佢戴住個恐怖面罩玩自拍，似想話畀大家知「咪亂咀呀」。
20120914-52,20120914,52,Dannii當眾仆低,Dannii當眾仆低 澳洲歌后Kylie Minogue嘅細妹Dannii，噚日set行頭、着閃爆低胸晚裝喺倫敦出席時裝活動，不過Dannii落樓梯嗰陣唔小心差錯腳，喺眾人面前仆低，佢即刻驚到O晒嘴。不過佢喺起身之後，都繼續keep住笑容，真係專業。
20120914-53,20120914,53,外星IQ題,外星IQ題 扮邊對夫婦？ （答案請在內文找） 喺解答呢條題目之前，不如先講俾大家知呢兩位係邊位明星，左邊嗰個係來自演藝世家嘅珍芳達，而佢拍檔則係《哈利波特》系列飾演石內卜嘅阿倫歷文。阿倫化咗妝真係認唔出佢，反而珍芳達就冇乜點走樣，家開估喇，佢哋兩個係扮已故美國總統列根同佢妻子蘭茜。 邊個背囊遮面？ （答案請在內文找） 先俾少少貼士，呢位人兄早前先同個明星索女訂婚，仲送咗隻閃爆鑽戒，恨死唔少女仔。前日佢着住長袖恤衫、戴帽加黑超，走去加州一間錄音室做嘢，搞咗一陣至閃人，發現佢居然除咗件恤衫玩變裝，仲舉起背囊嚟擋鏡頭。唔知Justin Timberlake因乜事要咁鬼祟呢？
20120914-54,20120914,54,Perfume抵港怕激起反日情緒,Perfume抵港怕激起反日情緒 將在11月來港開騷的日本三人女子組合Perfume昨日首次來港宣傳，在釣魚島問題令中日關係日漸緊張之際，Perfume與工作人員特別友善親民，與粉絲作近距離接觸，不過當記者想與她們作簡短訪問時，成員西脇綾香即耍手擰頭，未知是否怕被問及敏感政治話題。 任由粉絲埋身 由大本彩乃、樫野有香及西脇綾香組成的日本Techno-Pop音樂組合Perfume，昨午在機場步出閘口，沒有使用特別通道，現場有約50名粉絲手持海報、橫額及禮物迎接她們，以男粉絲居多。Perfume一現身已經表現友善，笑容滿臉，而且不斷向在場人士揮手打招呼。三女步出禁區後，即與粉絲作近距離接觸，除了握手、簽名、合照及接禮物外，又花了點時間與粉絲聊天。最難得的是，同行的四名工作人員並沒有出手阻止粉絲埋Perfume身，未知是否怕激起反日情緒，所以態度特別友善。Perfume成員中最受現場粉絲歡迎的是西脇綾香，她被眾多粉絲圍着索簽名，她亦有耐性地與粉絲聊天交流。在場記者欲以英語與西脇作簡單訪問時，她即刻耍手擰頭，以英文回答「我英文不好，對不起」拒絕受訪，令人猜測她是否怕被問及釣魚島問題。 谷村京騷押後 此外，日本歌手谷村新司原定本月25日在北京國家大劇院舉行中日邦交正常化40周年紀念演唱會，但前日谷村所屬事務所收到北京市政府主辦機構通知決定將演唱會押後，但未有提及原因，相信亦是因為釣魚島問題之故。至於後日在南京舉辦的中日漫畫家作品展亦會延期。採訪：馬建華攝影：黃偉雄
20120914-55,20120914,55,姬妮芙獲選最佳衣着,姬妮芙獲選最佳衣着 美國《People》雜誌昨日發表了2012年度「全球最佳衣着女性」名單，金像影后姬妮芙柏露（Gwyneth Paltrow圖）獲封全年最佳衣着女星。英國劍橋公爵夫人凱蒂被選為最佳古典打扮。麗絲蕙絲潘是最佳衣着孕婦。畢彼特亦入圍最佳衣着男士。
20120914-56,20120914,56,嘉菲貝絲患乳癌切胸,嘉菲貝絲患乳癌切胸 《危情十日》（Misery）金像影后嘉菲貝絲（Kathy Bates），昨日在twitter自爆兩個月前發現患上乳癌，曾接受過兩次乳房切除手術，嘉菲九年前曾患上卵巢癌。最近治療過程中她停拍電視劇《律政師太》（Harry's Law），嘉菲風趣地表示：「我並不掛念我的乳房，我只掛念《律政師太》。」
20120914-57,20120914,57,《情迷》女星自傳裸照,《情迷》女星自傳裸照 演出過電影《情迷午夜巴黎》（Midnight in Paris）及《情迷羅馬》（To Rome With Love）的加拿大女星Alison Pill昨日在twitter上載了一張上身裸照，其後立即刪除，並道歉：「其實我本來想刪去檔案，不小心按了送出。」她的男星未婚夫Jay Baruchel笑言：「我的未婚妻是個搞笑的笨蛋。」
20120914-58,20120914,58,米高麥遜疑醉駕被捕,米高麥遜疑醉駕被捕 曾演出電影《標殺令》（Kill Bill）的美國男星米高麥遜（Michael Madsen），昨日在洛杉磯駕駛其座駕時遭警員截停，接受吹波仔後被發現體內含酒精量超標，疑涉醉駕被捕。不過，他的代表律師其後投訴當時酒精測試並不準確，並堅稱米高生病，安排他到附近醫院治理，米高已獲警方釋放。
20120914-59,20120914,59,外星密碼,"外星密碼 ★蘇格蘭男星辛康納利最近拒為占士邦電影50周年全新藍光box set受訪，傳他因不滿當年僅得約2,400萬港元片酬。 ★美國男星德斯汀荷夫曼和名嘴大衞利達文，將於12月領取甘迺迪中心榮譽獎。 ★日本男歌手平井堅最近被發現與8年前經常一起的男子出雙入對，再惹起同志疑雲。 ★韓國男星宋承憲近日獲得杜莎夫人蠟像館為他度身訂製蠟像，宋承憲更親自為蠟像選擇頭髮的顏色。"
20120914-60,20120914,60,BIGBANG勝利被爆喜扼頸性虐,BIGBANG勝利被爆喜扼頸性虐 將於今年12月來港開騷的韓國人氣組合BIGBANG，成員勝利在日本爆出性醜聞，昨天出版的日本爆料雜誌《FRIDAY》刊出了他的半裸床照，一名與勝利有一夜情的女子，大爆做愛時被他扼頸虐待，行為粗暴。 據昨日的日本雜誌《FRIDAY》報道，一名BIGBANG的日本女歌迷大爆與勝利的性關係。該歌迷更向雜誌提供了勝利的床照，她指早前在一個酒宴中認識了勝利，雙方交換了電話及電郵，之後勝利主動約她到勝利位於東京一所高級住宅，之後二人上床，勝利在做愛期間，雙手扼着她的頸，她指當她露出痛苦表情時，勝利卻興奮得很，似乎有性虐待的癖好。 用毛巾擲女方 該女子再稱勝利在整個做愛過程中都沒有吻過她，並在她肚上射精後又沒有抹掉，只向她擲毛巾。該女子稱在勝利的家中明顯有其他女子出入，因為發現有女性髮箍及地上有長髮等，相信勝利愛誘女歌迷回家上床。 不過，韓國方面就對勝利的性醜聞抱半信半疑的態度，有些韓國媒體及歌迷更認為因近日日本發生反韓事件，懷疑今次只是反韓流的惡意報道。 SHINee歌迷投訴 此外，昨日香港有傳媒報道，指有BIGBANG歌迷早十日排隊買香港演唱會的門票，但卻遭另一組合SHINee的歌迷投訴，稱排隊的並全部是BIGBANG歌迷，只是歌迷排隊買今天開始發售的SHINee香港演唱會門票而已。
20120914-61,20120914,61,沙查認戀《歡樂》男星,沙查認戀《歡樂》男星 於《星空奇遇記》（Star Trek）新版電影飾演冼樸的美國男星沙查昆圖（Zachary Quinto 左），去年10月出櫃承認是同性戀者，並屢被拍到跟美劇《歡樂合唱團》（Glee）男星Jonathan Groff（右）行街。日前沙查接受美國同志刊物《Out》10月號訪問，直認二人發展了近七個月，他說：「我實在非常開心和幸運，我肯定想要小孩，我很想和大家分享這件事。」
20120914-62,20120914,62,Micky抵台打尖不遂,Micky抵台打尖不遂 韓國組合JYJ成員Micky昨日由韓國抵台，吸引300名粉絲接機，他本來想獲禮遇不排隊通關，但工作人員未申請，只好摸摸鼻子跟民眾排隊。他一現身入境大堂，歌迷立刻放聲尖叫，嚇到不少旅客。Micky滿臉笑容向fans揮手，隨即上車前往下榻飯店。他今晚會在台大體育館舉辦粉絲見面會，台灣歌迷則會帶紅色螢光棒打氣。
20120914-63,20120914,63,Heidi認約會保鑣,Heidi認約會保鑣 德國名模Heidi Klum與前夫Seal離異後，早前被拍到她和保鑣Martin Kristen（圖）跟家人暢玩，外界即指二人撻着，Seal更斥Heidi婚變前已和保鑣有路。昨日Heidi上電視受訪，表示早已習慣Seal的難頂言詞，堅稱從沒做過對不住他的事，又讚Martin是好男人，但強調跟他約會並不算是戀人關係，極其量只能用「剛開始」來形容。
20120914-64,20120914,64,尊尼狄普豪宅贈舊愛,"尊尼狄普豪宅贈舊愛 荷李活型男尊尼狄普（Johnny Depp），三個月前宣佈與拍拖14年的法國女友Vanessa Paradis分手，但尊尼卻仍未完全忘情，更買下位於荷李活山東部的一所豪宅送給舊愛Vanessa。據指該豪宅約值3,430萬港元，總面積達5,800呎，共有五個睡房，更有一部份是木製大廳，充滿地中海風情。尊尼如此大手筆，認真有情有義。"
20120914-65,20120914,65,名模Adriana Lima誕女,名模Adriana Lima誕女 內衣品牌Victoria's Secret名模Adriana Lima昨日再做母親，為籃球員老公Marko Jaric誕下女兒Sienna，據悉女兒重7磅，現時母女平安。二人已育有兩歲女兒Valentina。Adriana同日亦在twitter公佈喜訊，她說：「我和Marko都很高興地迎接Sienna加入家庭，而Valentina很期待當大家姐。」Adriana與老公選擇到生產一刻，才知道嬰兒的性別。
20120914-66,20120914,66,Kristin被揭拍賣禮物,Kristin被揭拍賣禮物 美劇《「法」妻》（The Good Wife）女星Kristin Chenoweth，日前上名嘴Anderson Cooper清談節目時，獲Anderson送禮，但她一見盒內的狗公仔時，尷尬得用盒笠頭。原來狗公仔本來是Anderson送給Kristin，怎料她將公仔放上eBay拍賣，剛巧Anderson在網站見到，便買下來取笑她。Kristin尷尬地說：「我只是想籌款做善事！」
20120914-67,20120914,67,優先搜畫：賤熊劈酒媾女瓣瓣掂,優先搜畫：賤熊劈酒媾女瓣瓣掂 相信大部分人兒時都擁有過泰迪熊仔，也許亦有幻想過熊仔有生命，可以做你的玩伴，聽你講心事。由麥克華堡（Mark Walberg）及索女米娜古妮絲（Mila Kunis）主演的新片《賤熊30》（Ted）將眾人兒時幻想成真，不過形象可愛的泰迪熊長大後竟然佬味十足，最愛爆粗、媾女、開P、隊草同劈酒！ 撰文：泰米 電影《賤熊30》在美國票房狂收16億港元，事關當地人氣動畫《Family Guy》主腦薛夫麥克法蘭（Seth MacFarlane）首次拍電影，更擔任導演、編劇、監製及配音，電影未出街已令不少忠心fans引頸以待。除了荷李活影星麥克華堡及米娜古妮絲助陣外，電影題材亦十分抵死，竟然反傳統將可愛的泰迪熊變得賤格、爛口又鹹濕，亦正是這個反傳統令電影內容更抵死爆笑。 最佳損友 故事講述阿尊（麥克華堡飾）兒時在聖誕許願，希望新玩具啤啤熊公仔泰迪（薛夫麥克法蘭聲演）有生命，點知願望成真，結果阿尊同泰迪一齊生活。20年後，已長大成人的阿尊到了適婚年齡，但思想及行為仍然大唔透，而爛口又鹹濕的泰迪也妨礙了阿尊和女友蘿莉（米娜古妮絲飾）相處，結果兩個由細玩到大的最佳損友，要認真踏上成長之旅。 監製Jason Clark做過《一家之鼠超力仔》（Little Stuart）和全球首部採用動態捕捉技術的《魔怪屋》（Monster House），今次更把難度提升，動態捕捉要在現場拍攝期間同時進行，跟以往只在藍幕佈景拍攝有所不同。而導演薛夫便是扮演動態捕捉角色的藍衣人，因此泰迪所有麻甩行為都是根據薛夫的動作表現出來。薛夫穿上動態捕捉感應窄身衣，在現場一邊演出一邊執導。 對棍做戲 劇組要求泰迪的演出要真實，要訣是片中所有人也要把泰迪當作普通人一樣，不可以有抱起他來咀嘴的場面，以免觀眾覺得泰迪跟其他人有分別。為了讓演員準確地望着泰迪雙眼，拍攝時會有一支代表泰迪雙眼的棍仔。 為了拍攝一場跟泰迪隻揪的重頭戲，男主角麥克華堡更特別接受特技人的訓練，他說：「這很難習慣，但訓練過後，覺得跟公仔或棍仔演戲也不錯。有導演在場講對白亦幫了我很多！」 話你知：賤熊紅爆面書 為了令觀眾覺得泰迪是真人，劇組在facebook特別開設了泰迪個人專頁，現已吸引了440萬網民like。泰迪不時上載抵死相片及留言，例如上載與比堅尼女一齊去海灘玩，泰迪又會緊貼時事，上了火星在好奇號上嘆啤酒（圖）。有時亦會大玩感性，思考為何自己是被選中成為有生命的熊仔，但轉下頭便走去阿尊的枕頭放屁解悶。 香港上映日期：9月27日
20120914-68,20120914,68,我得寵：肥貓恃靚行凶　尿浸小方,我得寵： 肥貓恃靚行凶　尿浸小方 方力申養了兩頭異國短毛貓，就是怕一隻太寂寞，他坦言將來做了爸爸，都不會只生一個子女，更擔心若萬千寵愛在一身，變了慈父多敗兒。小方的兩隻愛貓完全不同性格，「BB」會做阿四用貓爪幫他按摩；「肥妹」就教極都不懂在貓沙上小便，更曾在小方床上撒尿。 撰文：皓騫 方力申跟家人同住，由於工作很忙，七、八年前買了一隻灰白色的異國短毛貓，鍾意牠鼻扁扁似加菲貓，取名「BB」陪父母解悶，後來，他怕BB獨個兒會悶，買了同種的靚女「肥妹」作伴，家裏有兩隻貓後變得熱鬧，小方說：「我怕BB一隻貓會悶，所以將來生小朋友，我都唔會生一個咁少，起碼要兩個，有伴好啲，尤其呢個年代，好容易寵壞小朋友。」 捉麻雀玩餐飽 雖然兩隻貓年紀相若，但方家上下都是較偏心BB，小方笑說：「因為BB聰明啲，佢會用手仔幫你按摩，但唔鍾意俾人掂，掂得耐會咬人，雖然平時唔多黐人，但一嗲就令人好冧，佢仲識睇眉頭眼額，成日挨住你。相反肥妹就好鍾意叫我幫佢痕，有時老竇睇緊報紙，肥妹會拉低張報紙要老竇幫佢痕；肥妹由三個月大開始養，但到家佢仲喺報紙屙尿，教極都唔識用貓沙，有時仲會周圍屙，試過屙喺我張床上面，鬧佢就匿埋一邊，而且，除咗貓糧之外，佢乜嘢都唔食，完全唔識享受，BB就鍾意食乳酪、雞肉同魚。」 因為得寵，BB在方家惡晒橫行霸道，有時甚至會欺負肥妹，小方說：「BB係屋企第一隻養嘅貓，佢當自己係大家姐，成日想推開肥妹，有時我哋鬧完BB，佢會咬肥妹出氣，所以成日都要分開佢哋，不過BB見到陌生人就驚，每次有親友嚟屋企，佢就好似門口貓咁匿埋；反而肥妹就好惡，遇外敵會挺身而出，試過有麻雀飛入屋，肥妹會咬住捉佢。」 險墮樓嚇破膽 劉嘉玲和胡軍拍過部電影叫《好奇害死貓》，原來可以套用在BB身上，還幾乎令全家人嚇破膽，小方說：「以前租屋住冇窗花，我哋住九樓，有次BB試過差一步跌落街，嚇到老竇即刻捉佢入屋，佢好驚BB有乜嘢事，一定俾媽咪鬧死，媽咪當咗啲貓係孫女，如珠如寶，平日都同佢哋講BB話，之後全家都養成習慣，屋企唔會開大窗，怕貓貓會跳落街。」 雖然方媽媽好錫兩個「孫女」，但牠們還是愛黐小方，他笑說：「可能佢哋係貓女，所以鍾意跟我，不過貓只有幾分鐘記性，有時我去咗外地做嘢，離開香港幾個禮拜，返嚟佢哋就會唔記得我，好似唔識我咁，要重新培養感情。」 BB 年齡：7歲 品種：異國短毛貓 性別：雌性 肥妹 年齡：7歲 品種：異國短毛貓 性別：雌性 狂影寫真收藏 方力申空閒最鍾意幫兩隻愛貓影寫真，多年來已經有數千張相，他說：「以前我仲會幫佢哋冲凉，但獸醫話貓唔好冲凉，每日梳毛就足夠，所以家乜都冇幫佢搞，交晒畀工人，佢哋都係黐工人多啲，有時工人喺廚房做嘢，兩隻貓都會走入去陪工人。」 小方覺得愛貓肥妹比較靚女，雙眼似成一直線，品種夠純，問到會否幫牠配種？小方說：「冇，因為獸醫話絕育健康啲，不過將來再養，我諗住畀佢哋生後代。」
20120914-69,20120914,69,丁子高父子檔搵錢千嬅肥B百日做嫩模,"丁子高父子檔搵錢 千嬅肥B百日做嫩模 丁子高與楊千嬅前晚為囝囝丁進諾（Torres）慶祝百日壽辰，昨日丁子高出席活動，設計了金腳鏈給囝囝作禮物，同場展出他與囝囝的宣傳照。丁子高笑言囝囝是巨B身重腳粗，對鏡頭超敏感，他日夜為兒子拍片剪片。 丁子高、張燊悅及周國豐太太黃泳霖等昨日在尖沙嘴出席金飾活動，丁子高即場展示兒時的裸照，以及囝囝丁進諾的可愛近照，又親自設計了金腳鏈給囝囝作百日生辰的禮物，同場展出父子檔拍攝的宣傳照，相中小Torres只露肥腳仔而不露面。 似足細個肥嘟嘟 前晚丁子高與太太千嬅及家人為Torres舉行百日宴，他透露囝囝近況：「佢腳好粗，唔似三個月BB size，佢重16磅，我朋友啲兩歲女都係重二十幾磅。佢個樣都係似我，靚仔，有我細個嘅肥仔DNA，我8至12歲都超肥，10歲條腰已經36吋，佢食奶快過人，掃風快過人，陪月話佢可以肥啲，六個月大先調整。」 有指千嬅產後常發脾氣似速龍，日前更被指丁子高與千嬅口黑面黑似嗌交，他解釋：「嗰日朋友生日，我哋唔係嗌交，天氣熱，冇發，今朝先同佢跑完步，佢好開心，佢性情變番小野兔。」 同萬四人爭學位 問到千嬅何時復工，丁子高表示太太已有很多工作等候，不過要辦妥囝囝入學才復工：「等個仔申請晒啲學校先，我哋想報嗰間學校有8,000人爭200個位，因為龍年競爭，家成14,000人爭，所以我哋會考慮報直系playgroup，家日日都喺屋企為個仔拍片剪片，禮拜日都要用成三個鐘頭幫佢剪片。」 採訪、攝影：林嘉慈"
20120914-70,20120914,70,Niki做伴娘吼實伴郎,Niki做伴娘吼實伴郎 周麗淇（Niki）與Janice Man昨晚現身銅鑼灣出席時裝新店活動，問Niki有關胞姊周汶錡月尾是否在康城舉行婚禮，她說：「如火如荼，好似……唔喺康城，係附近，呢啲留畀家姐講。」婚禮連搞三日？她說：「始終唔喺香港，安排啲朋友前後有啲節目，自己都趕緊劇，會請幾日假。」Niki將出任伴娘：「搵咗設計師設計，不過件衫未到手，其他衫仲未準備，希望到時有靚仔伴郎，不過家姐話男家嗰邊都結晒婚。」會否心急想結婚，Niki說：「冇，開心見到佢終於嫁得出，安樂晒。」 JM冇見樂基兒 此外，JM搬出與男友李冠峰同住的屋苑，近日忙搬新居，對於老闆黎明與樂基兒再傳婚變，她說：「無啦啦又傳，冇見過樂基兒，最近喺公司見過黎生。」 採訪：林嘉慈   攝影：黃偉雄
20120914-71,20120914,71,Avis小器禁娜姐出軌,Avis小器禁娜姐出軌 謝婷婷、周秀娜男友陳偉成（Avis）及恭碩良等昨日在又一城為戶外品牌行騷，Avis表示要儲錢與娜姐去旅行：「以前一年去兩、三次，今年一次都未去過。」是否太多緋聞激親娜姐，他說：「佢好大方，仲驚我冇新聞，不過我會小器，所以我可以有，佢唔可以。」 婷婷撐栢芝 婷婷前晚與男友從加拿大慶祝生日回港，她表示雖然只去五日，但日日都有驚喜：「去到就收到好大束玫瑰，又去咗睇我最鍾意嘅Jason Mraz演唱會，7號正日生日食完飯，返到酒店又有蛋糕等我，佢真係畀好多心機。」對於本報拍得張栢芝三點式誘哥哥謝霆鋒箍煲，婷婷說：「去游水唔着三點式着乜？有次我俾人影，有記者問爸爸，佢話去沙灘唔着比堅尼，唔通着晚禮服呀。」 採訪：盧妹   攝影：陳志嵐
20120914-72,20120914,72,謝玲玲戴8千萬珠寶,"謝玲玲戴8千萬珠寶 林建岳前妻謝玲玲前晚以香港區籌募委員會主席身份，在巴黎出席巴黎古董雙年展開幕晚宴，賭王千金何超瓊也有出席，同場還有擔任展覽總監的Karl Lagerfeld、著名法國女星Anna Mouglalis和莎瑪希恩（Salma Hayek）等。 謝玲玲身穿彩黃晚裝，配戴了有份參展的珠寶設計師Wallace Chan、名為「湖水鏡」的祖母綠寶石頸鏈、耳環及戒指，寓意美麗的湖泊，全套價值960萬美元（約7,488萬港元），靈感來自謝玲玲的高貴氣質。 撰文：唐如"
20120914-73,20120914,73,潮流糾察：玩到透,潮流糾察：玩到透 See-through（透視）的誘惑，從來是時尚元素的中堅分子，近年這份透出可望不可即的肌膚誘惑力，不再伴隨旖旎、feminine style，全方位發展出有型、rock味、edgy等不同方向。透視可以玩味光暗、虛實的對立對比，秘訣在乎如何透得大方，管好你的「爸爸」、收好你的內衣，偷窺黑與白！ 撰文：Gracekelly 伊娃橫刀一揮 如何在一片透視風中搞出新意，光暗之間的分界線也是重點所在。伊娃隆歌莉亞（Eva Longoria）的黑裙，斜肩橫胸sharp cut出一個新空間，在當打的長袖晚裝熱中，加入另類誘惑元素，感覺摩登，只要伊娃的鞋子、髮型更突出，艷光即時加sharp。 Gwen Stefani玲瓏胴體 Gwen Stefani穿上的Stella McCartney黑色透視jumpsuit，巧妙地勾劃出女性body figure，透視度與難度十足，有型的褲裝、感覺精練的尖頭高踭鞋相配，整體呈現性感型格又自我自信的strong impact！ 張栢芝穿越敗筆 張栢芝的黑色雪紡傘裙只露出肩膊位，但裙子長度偏短，變成溫婉不足、摩登又講不上，最敗筆是一頭六四分界、兩側垂下的古裝髮型，跟時代極脫節，整體造型也太素淡。 曹敏莉保守失格 In and out有時只有在剪裁。曹敏莉早前穿黑色透視釘珠長裙亮相港姐活動，拖尾裙甚有Gucci影子味道，但太保守傳統的女性化魚尾裙款式，配上黑色透視雪紡，性感誘惑與優雅大方，互不相容，進退維谷。 馬詩慧老薑最辣 現今的Janet Ma，仍是上一代名模中衣着最敢和最辣！Janet Ma尤愛黑色透視裝，這日的Gucci飾珠片透視，滲着浪漫、華麗氣息，更強是她以個人powerful氣場伴以black red lips，穿出另一種味道。 文麗賢瀟灑滿瀉 本地神枱級設計師文麗賢的see-through skirt，相當自在瀟灑，絕對是發自內在的fashion sense，白色鬆身tee、長褲、布鞋，加黑色紗裙即twist出女性型格。 吳雨霏化簡為繁 Secret under see-through是玩透視的重要一環。吳雨霏的黑bra就作了錯誤示範，透視patchwork top本來已夠多，內裏打底更擾亂視野，未見性感，先覺眼花，應換上一字形tube，簡化線條，透得更有型。 G.E.M.新鮮製造 內短外長式透視黑裙，在今夏已成氾濫之作。鏟青少女G.E.M.長年rock妹的高腰短牛加Dr.Martens長靴，忽然來一條長裙配恤衫和pumps，效果大有新鮮感。 吳綺莉中女扮俏 黑色see-through shirt與青春小熱褲的組合，跟吳綺莉年齡完全不合襯，有扮後生之嫌，再加一對過季露趾凉鞋，透視誘惑只是聊勝於無，一件得體絲質白恤衫更對身份。 徐濠縈未來寵兒 Eason嫂的時裝觸覺無容置疑，在阿徐身上可以搵到潮元素，連帶自家時裝生意都發展得快。她前日出席時裝活動，一身當旺的solid silver半截裙，上身配白色透視oversize top，非常wearable的未來感與潮味。 陳喬恩馬戲叫糊 內地設計師近年發展急促，大則勇闖國際天橋，小則自有趣味小圈子。陳喬恩身上的馬戲團裙子正是內地新品牌，奇趣圖案與有點odd fun的立體透視裙腳，趣味有fun，除下喧嘩的大頸飾，重整焦點，相信效果更好。 胡杏兒閨房出浴 黑色透視神秘、白色透視純真。胡杏兒這晚的白色feather透視裙，兩截式設計，上身中空設計白羽毛的豐盈volume，與裙腳的飛揚飄飄，太過閨房旖旎，如同在浴室走出來一樣。 龍女郎徹底可怕 OMG！龍女郎姚星彤日前在多倫多出席電影節，一件華麗白色晚裝，徹底露底、徹底向世界宣佈何謂失禮！不少女模用作打底的無帶nude bra，龍女郎直接用在透視晚裝之下，也直接透出這兩團半透明肉色的矽膠杯仔，除了可怕，就是可怕，太可怕了！
20120914-74,20120914,74,習近平另類「現身」　哀悼病逝紅軍地方報章報道　官媒隻字不提,習近平另類「現身」　哀悼病逝紅軍 地方報章報道　官媒隻字不提 國家副主席習近平「神隱」踏入第12天，他的傳聞越演越烈。習終於「現身」了，《廣西日報》昨頭版報道，廣西原常委、中共老紅軍黃榮上周四（6日）在南寧病逝，終年102歲。黃榮逝世後，「胡錦濤、習近平、李源潮、朱鎔基、李兆焯，通過各種形式對黃榮同志的逝世表示哀悼並向其親屬表示深切慰問」。習「被露面」，擬製造他活動如常的表象。但奇怪的是，胡、習等哀悼老紅軍消息，官方新華社、《人民日報》、中央電視台卻隻字不提。 黃榮病逝前一日（5日），正是習近平突然取消會見訪京的美國國務卿希拉莉等外賓之日，而他自本月1日出席中央黨校開學禮後，至今沒有公開露面。由於臨近十八大召開，貴為儲君的他，其動向備受外界關注。《廣西日報》的有關報道，昨僅在中國新聞網出現，反之新華社、《人民日報》和中央電視台等中央媒體隻字不提，情況罕見。 傳肝部微小癌病變 昨日外交部的例行記者會上，習近平動向再度成為外媒的焦點，但新聞發言人洪磊對媒體五度詢問，僅重複表示「有關問題已進行多次回答」，仍不作任何具體答覆，並表示「已注意到」《廣西日報》的有關報道。 據總部設在香港的中國人權民運信息中心昨指出，習近平本月2日在北京301醫院身體檢查，發現肝部有微小癌病變，本周已做了切除手術，目前康復中，預計下周可露面。但有301醫院辦公室人員回應外媒時表示，完全不知道習在醫院，「有可能完全是謠言」。 曾慶紅為背後支持者 而總部在美國的明鏡新聞網引述北京消息，習近平會出席預定在下周召開的中央政治局會議，習屆時要滙報中共十八大的籌備進展工作，會議亦會定出十八大的正式召開日期。報道又指，外間傳言無損習近平確定在10月正式接任中國第五代領導人的位子，但其餘政治局常委人事佈局還未明朗。習近平目前在政治局上沒有太大發言權，前國家副主席曾慶紅是他的背後籌組團隊的主要支持者。 習近平「失蹤」至今，有關他的傳言滿天飛，外界有傳他患心臟病、背傷、槍傷等「意外」，但均指其情況不致影響他在十八的接班。 《廣西日報》/中央廣播電台/新華社
20120914-75,20120914,75,保密手法儼如林彪事件,保密手法儼如林彪事件 習近平「失蹤」至今，引起外界種種揣測。有英國媒體聯想到「林彪事件」，有人學者更指事件凸顯中共現在已經失去掌握訊息的能力。英國《金融時報》報道，昨日正是中共前將軍林彪飛機失事41周年，當年全機罹難，蘇聯也證實林在機上，但林之死隔了兩個月才在媒體披露。亦如《人民日報》今年才證實國務院前總理李鵬在1993年曾入院接受治療。該報指，中共至今仍以保密的手法，處理涉及中共高級領導人的事件，「儘管中國經歷了經濟改革，一旦事情涉及到自己的領導人，中共目前的保密程度和毛澤東統治時期，林彪1971年墜機死亡時完全一樣。」 逐漸失去掌握訊息能力 隨着網絡的迅速發展，有內地經濟學家表示中共更難藏秘密，甚至逐漸失去掌握訊息的能力，「最近與一些資深官員與顧問見面時，他們都覺得黨（中共）對輿論失去控制，不能像微博出現之前那樣控制輿論。」英國廣播公司
20120914-76,20120914,76,中國富豪擬買紐約索尼大樓,中國富豪擬買紐約索尼大樓 內地富豪SOHO中國董事長潘石屹有望成為紐約索尼大樓（Sony Building）「新房東」？潘接受內地媒體訪問時透露，正與紐約索尼大樓董事會洽購大樓，市場估值達7億至10億美元（54億港元至77億港元），他還稱「可能性很大」。但昨日消息一出，潘馬上在微博上否認此事。 估值54億至77億港元 潘石屹上月接受上海《第一財經周刊》雜誌專訪時透露，將以自己和太太張欣控股的Capevale Limited公司名義，買下紐約麥迪遜大街上的索尼大樓。雖然交易還在等待對方董事會的批准，但潘稱「可能性很大」。市場估值索尼大樓達7億至10億美元，如果交易簽定，將會是中國商人在美國地產市場最大筆交易。據悉，這單買賣非常速戰速決，潘石屹於8月1日第一次參觀索尼大樓，同月22日就在上海對傳媒透露交易「喜訊」。昨日消息一出，有網民盛傳索尼大樓快要易名「潘石屹─張欣」大樓，但潘卻在自己微博否應此事，並稱「造謠」。有內地記者指，潘早前去紐約視察是洽購先兆，他隨即回應「我去上過天安門呢」。潘又澄清，只是聽說索尼董事會可能出售大樓，上次去紐約參觀大樓，並無出手購買意向。這棟美國象徵的紐約著名地標紐約曼哈頓37層大樓位置黃金地段，現擁有者是日本索尼公司，因此被冠以此名十年。但隨着索尼近兩年業績大幅下滑，其董事會正考慮出售此樓。鳳凰網
20120914-77,20120914,77,太湖大閘蟹下周四應市　平一成,"太湖大閘蟹下周四應市　平一成 內地太湖和陽澄湖大閘蟹都搶在中秋節前上市應節。其中太湖蟹將在下周四（20日）左右批量上市，陽澄湖大閘蟹已定下周六（22日）開捕。據悉，今年太湖蟹產量比去年有所增加，價格將與去年持平或下降一成。而陽澄湖的產量基本與去年持平，但受到成本影響，預計價格不會低於去年。據吳中區太湖大閘蟹行業協會秘書長呂梅良表示，今年太湖大閘蟹的長勢不錯，雖然前期溫度較低，推遲了一次脫殼時間，但好在中後期氣候穩定，幾次颱風都沒有造成大的影響，再加上太湖水質較好，水草豐茂，也為太湖蟹的生長提供了有利條件。今年太湖大閘蟹養殖面積不變，但蟹農在放養密度上有所增加，所以太湖大閘蟹總產量將略有增長，預計總產量將達3,000多噸。眼下，超過七成大閘蟹已完成了最後一次脫殼，下周四左右零星上市後，預計將於中秋節後可規模上市。規格方面，今年大閘蟹平均規格較去年略大，有望達到3.7両，比去年增加0.2両。價格上，太湖大閘蟹的起水指導價為每斤120元（人民幣．下同），跟去年同期價格基本持平。而太湖蟹養殖公司總經理孫興良則表示，今年太湖大閘蟹價格比去年能降10%左右，四両重的蟹「去年零售價200元左右（每斤），今年在180元左右」。陽澄湖大閘蟹今年的產量基本與去年持平，為2,300噸左右，而受到成本影響，預計價格不會低於去年。江蘇新聞網"
20120914-78,20120914,78,經濟差　好工難求台清大生澳洲當屠夫,經濟差　好工難求 台清大生澳洲當屠夫 「我們就是台勞！」台灣目前經濟前景差，青年們找不到好工作，一名國立清華大學的27歲畢業生竟淪為澳洲屠夫。他在台灣的銀行工作兩年存不到錢，身上還背30幾萬元新台幣（約8萬多港幣）的學貸，到澳洲就是為了賺第一桶金。相關文章前日開始在網上火傳，不少人感嘆台灣何時變成了勞工輸出國。 「要一直有錢賺，就得專注在多數澳洲人不願做的工作。」這名畢業於清華大學經濟系的青年，目前在澳洲阿地利（Adelaide）一家屠宰廠中從事食品加工，負責站在迂迴曲折的輸送帶邊把冷凍羊肉剝皮。他時薪有19元澳幣（約143元港元），雖薪資遠比在台灣工作高，但在九個半小時的工作時間中，只能每隔兩小時休息一次。他估計在該座廠房裏，約有150人以上來自台灣。「畢業不去澳洲就只能自殺了！」《清大畢業生為何淪為澳洲屠夫？》一文爆紅後不少網友對主角的處境很有共鳴，直指「在台灣念那麼高的書也找不到工作，倒不如就去外國待着」，也有人非常同情他，說「因為錢就要到澳洲被歧視很可憐」。連清大教授彭明輝亦替年輕人叫屈，指「年輕人一輩子只能當勞工，還得被抹黑成『草莓族』，承擔所有責任」，但「最豐厚的利潤」都掌握在上一代手中。但也有人批評他，「自己永遠沒問題，怪大環境，怪政府，怪對手」。台灣《蘋果日報》/《今周刊》
20120914-79,20120914,79,失控衝上34樓　斷纜直墮地面籠變跳樓機19死,失控衝上34樓　斷纜直墮地面 籠變跳樓機19死 湖北武漢昨日下午發生嚴重工業事故。一個地盤的升降機在滿載工人後，於上升途中突然失控，先直衝向34層頂樓，再因鋼纜折斷，如跳樓機般由百多米高直接墮落到地面。其間，有六人在升降機墮至十幾層時，拋出跌死。消防員接報到場後，立即拆開嚴重變形的升降機進行搶救。事故造成19人死亡。當地記者到場採訪時，被保安員阻止及毆打。 事發於武漢市東湖景園一個地盤。於昨午1時30分，俗稱籠的肇事地盤升降機載着19名工人上升，但升降機途中突然失控，先直衝到34層頂層，繼而因電梯鋼纜折斷，令升降機如跳樓機般直墮地面。 下墮途中　六人拋出亡 升降機下墮途中，有六人被甩出死亡，其中兩人為女性。因衝力強大，升降機墮地後，扭曲變形，「已完全散架，籠內工人遺體散落四處」。消防員接報到場後，立即用工具拆開升降機進行搶救，並證實事故造成19人死亡，當中有五對夫婦。 據現場工人指，事發時，地盤內有兩部升降機同時向上運行，其中一部卡在13樓，另一部卻先衝上頂樓，再突然墮下。對於事故原因，有說是升降機螺絲鬆脫肇禍，也有人認為是超載導致。據稱有三人因升降機擠滿，未能搭上，幸免於難。記者在現場發現，出事升降機的使用有效期已超過兩個月。 此外，於周二（11日）傍晚，浙江溫州瑞安市一住宅大廈發生了一宗電梯意外。事發時，一名少婦抱着歲半兒子在六樓搭電梯。她看見電梯門打開後，未加以細看便一腳踏進去，不料電梯因故障仍停在七樓，但六樓電梯門竟誤開。少婦抱着兒子踏空後，直墮到一樓，她經送院搶救後，終傷傷不治。其子在她保護下，僅受輕傷。 門誤開　婦踏空墮斃 「我老婆才37歲，年紀這麼輕，我到現在都沒辦法相信這個事實。」余姓女死者的丈夫潘先生講述事發經過時，忍不住哽咽起來。他說，出事的電梯是東芝牌，時常有小故障，半個月前曾維修了一次。他質問：「電梯門開了，怎麼會沒有電梯？」 新華網/浙江《現代金報》
20120914-80,20120914,80,黑澀會賴瀅羽裸照流出,"黑澀會賴瀅羽裸照流出 台灣又有淫照流出！繼富二代李宗瑞迷姦女藝人的片段在網上廣傳後，曾是女子團隊「黑澀會妹妹」成員的賴瀅羽，近日有一批裸照在網上廣傳。裸照估計是她在成名前拍攝，短時間已吸引逾五萬次瀏覽及下載。 總數有457張 台灣的色情網站前日出現賴瀅羽的裸照，總數有457張，強調是「私拍」，照片不但三點全露，同時有腋下、手腳、左右乳房特寫，下載的網民都質疑：「攝影師的癖好還真奇特。」網民同時懷疑這批照片是在六年前、賴只有17歲時拍攝。擁有32C、24、32身材的賴，目前仍是活躍的模特兒（圖），不時出現在拍賣網站、各式表演，網民質疑她本人是否知道這批陳年舊照已經流出。 現時不少年輕女孩都愛當模特兒，讓攝影發燒友拍攝性感照或裸照。因拍攝價格不低，故是一門賺快錢的途徑，但台灣警方提醒，即使模特兒與龍友簽訂保密協定，但照片仍有可能外流。 警方更稱，龍友散播裸照更可能觸犯散布猥褻物罪，最高可判囚兩年或罰款三萬元新台幣（下同，約7,845港元），若散佈未成年人的猥褻照片，最高更可判囚五年、罰款50萬元（約13萬港元）。台灣《蘋果日報》"
20120914-81,20120914,81,富士康男工離奇跳樓亡,富士康男工離奇跳樓亡 深圳富士康又有工人跳樓自殺身亡。於前日早上8時30分許，一名年輕男工人從富士康觀瀾廠區鴻翔宿舍從九樓墮至一樓地面，當場身亡。據悉，死者姓楊（22歲），黑龍江齊齊哈爾人。他居於富士康員工宿舍八樓。前日上午，他在宿舍內先用刀割脈，然後再跑至九樓，從窗戶跳下。有同事反映，他有飲酒和上網打機的愛好，但自殺原因不詳。富士康方面和警方已介入調查。富士康曾因接連發生工人跳樓自殺案被斥為血汗工廠。在多次發生跳樓事件後，內地各富士康廠房和宿舍屋頂都架設了總面積超過300萬平方米的「防跳網」。此外，公司方面亦將會以30萬機械人代替員工做單調、危險性強的工作。相關措施出台後，富士康仍未能杜絕員工跳樓自殺事件發生，跳樓悲劇仍不時上演。廣東《南方都市報》
20120914-82,20120914,82,逆子弒母殺弟剖腹自殘,逆子弒母殺弟剖腹自殘 江西益陽一名男子（左圖）在刺死72歲母親（右圖），及割喉殺害40歲親弟後，爬上現場一座四層高的大樓樓頂，與前來圍捕的公安對峙六小時。其間，他更以利刀割喉、剖腹自殘。事發於周一（10日）中午，男子將母親當場殺害後，再割傷弟弟，場面十分兇殘。之後，他爬上屋頂逃避追捕，並揮舞利刀自殘，滿身鮮血。他直到看到自己的小兒子後，情緒才稍為平服。六小時後，公安藉口送上礦泉水以接近他，終將他制服。鳳凰網
20120914-83,20120914,83,「下跪求來的　還是感情嗎？」癡情男圖磕千響頭箍煲,"「下跪求來的　還是感情嗎？」 癡情男圖磕千響頭箍煲 「男兒膝下有黃金，這樣下跪求來的感情，那還是感情嗎？」湖北武漢一名年約30歲男子，為求與他相戀五年、因家庭變故而分手的女友回心轉意，竟然在她任職的公司下，拉橫額、下跪、磕1,000個響頭，引來大批民眾圍觀，但他終因頭破血流，未能完事，就須到醫院接受治療。 該名姓魯男子於前日中午在武漢市建設大道一棟大樓外，掛起「王平真心對不起」的橫額，在路上下跪並不斷磕頭。 掛橫額求原諒 他的前額已經紅腫，但他仍然繼續，大廈的員工紛紛上前勸阻，但魯卻沒有理會。 魯稱，他與名叫王平的女朋友已相戀五年，且已同居，但早前他因家庭生變，女友亦提出分手，這讓他十分不捨、傷心不已。他最後希望以這個方式，令女友回心轉意。他磕頭期間，前女友並不在大樓內，她任職的公司亦空無一人，重門深鎖。 最後，魯因頭破血流，加上圍觀者不斷勸說，終到醫院求醫。對於魯的行為，不少民眾都質疑跪回來的感情還能持續嗎？更有人質疑：「他這樣一鬧，讓人家女孩以後怎麼做人呢？說不定還會適得其反呢。」 其間，有人幫忙撥打王平的電話，一名女子卻在電話中稱「讓他死了這份心」。 《武漢晚報》"
20120914-84,20120914,84,公司請女經理　要求性經驗豐富,"公司請女經理　要求性經驗豐富 東莞一家公司招聘女性經理，竟要求應徵者要有豐富性經驗。這公司的管理層表示，他們生產的是情趣商品，沒性經驗者無法對產品提出意見。這間公司聘請的女性產品經理，要求應徵者在大學市場營銷學系畢業，月薪5,000元人民幣，應屆畢業生都可申請，但是廣告卻註明，應徵者不但要有豐富性經驗、亦需曾使用情趣用品，若無性經驗或只有一名性伴侶者，不接受申請。不少民眾對這公司的要求都感到不可思議。有申請者更稱「這是對女性的污蔑和不尊重」。公司負責人稱，現時很多情趣用品不切實際，且與人體不符，故他們希望聘請多名性經驗較豐富的經理，根據體驗來改進產品。廣東《南方都市報》"
20120914-85,20120914,85,蟲卵生命力強　小強要徹底踩碎,蟲卵生命力強　小強要徹底踩碎 「小強」一定要徹底踩碎。網上一直流傳，被踩扁的小強屍體仍能繁衍出小小強。對此，浙江大學昆蟲研究所專家說，快臨盆的母蟑螂，懷孕後尾部會長出卵鞘，而蟑螂幼蟲就在裏面。 為證實傳言真偽，他把一隻即將臨盆的母蟑螂上半身壓扁，當卵鞘脫落5分鐘後，竟鑽出25隻的小蟑螂，牠們全身白色，看得人頭皮發麻。因此，想真正滅絕蟑螂，一定要徹底碾碎卵鞘。 浙江《杭州日報》
20120914-86,20120914,86,兩岸百態干露露偕妹跳《江南Style》,兩岸百態 干露露偕妹跳《江南Style》 南韓舞曲《江南Style》近日火紅，就連內地出名車模干露露都要拍片學一下。片中，她在旗袍上穿上胸圍、戴上墨鏡，與妹妹干毛毛及母親載歌載舞（圖）。天涯論壇
20120914-87,20120914,87,兩岸百態廣東碉樓似綑綁式火箭,兩岸百態 廣東碉樓似綑綁式火箭 廣東一棟奇特的碉樓外形似「綑綁式火箭」（圖）。這棟全省僅有的水碉樓叫寧遠樓，四面環水，只有一條吊橋通入四層高的碉樓。就算打仗，士兵在內，都不怕斷水。碉樓外牆有長形和水滴形的瞭望口、射擊孔。它「最威水」的，就要數二次世界大戰時，它可以讓近百名村民躲於其內，奮勇抗日。《廣州日報》
20120914-88,20120914,88,兩岸百態牧羊犬誤被遺棄跳樓亡,兩岸百態 牧羊犬誤被遺棄跳樓亡 新疆烏魯木齊的李女士養了牧羊犬「傑克」六年，早前她因事將牠送到弟弟家，準備上周六（8日）接回，卻因有事告吹。等不到主人，傑克當晚已無精打采，次日更在被鎖家中時跳樓身亡。專家指狗狗患了易主綜合症。新疆亞心網
20120914-89,20120914,89,今日我最靚,今日我最靚 內地索模　袁珊珊
20120914-90,20120914,90,洗車送嫖妓　促銷3個月被搗破,洗車送嫖妓　促銷3個月被搗破 馬來西亞一間洗車店提供「買九送一」優惠，但所謂「送贈」的優惠，並非是免費洗車一次，而是讓客人到非法按摩院免費嫖妓一次。 洗車店位於吉隆坡市郊，提供一條龍清潔、吸塵、打蠟和磨光服務，每次收費65澳元（526港元）。但洗車店實際上「掛羊頭賣狗肉」，顧客在指定期限內洗車九次，就可持會員卡到附近有連繫的按摩妓院免費嫖妓。促銷活動秘密進行了三個月，直至上周一被警方意外偵破。警方當晚突擊搜查按摩院，發現多名嫖客均持有洗車店會員卡，才揭發洗車店與按摩院合作。 按摩院每次向嫖客收費40至55澳元（323港元至445港元），只歡迎華裔人士光顧。警方拘捕九名18歲至28歲越南妓女，以及四名馬伕，洗車店被警方取締。澳洲《每日電訊報》
20120914-91,20120914,91,奇人騷介紹巨乳女高潮男,奇人騷介紹巨乳女高潮男 15分鐘性高潮七次、102ZZZ胸圍、陰囊重達72公斤……這些不是天方夜譚，而是美國一個電視節目報道的真人真事。 節目專門介紹天賦異稟奇人，「超級高潮男」馬庫斯可頻頻出現性高潮，15分鐘內達致7次高潮；胸前超級偉大的安妮（右圖），擁有令女士們既恨且愛的102ZZZ豪乳，更可能是全球最巨胸女郎。克里斯琴雖然是堂堂男子漢，但他患有「男性乳房發育症」，乳房大小竟達B罩杯。 韋斯利（左圖）外形雄赳赳，但他的陰囊不斷發脹，脹到72.7公斤（160磅），有苦自己知。特倫特雖然仍是處男，但過去六年努力捐精幫助不育婦女，成了15名小孩的生父。英國《每日郵報》
20120914-92,20120914,92,忠心犬守主人墓六年,忠心犬守主人墓六年 阿根廷一隻德國牧羊犬，在主人死後，自行找到主人安葬地點，而且六年來一直守在墓旁（圖），不離不棄，名副其實人狗情深。遺孀韋羅妮卡表示，古斯曼2005年買入「卡皮坦」作為兒子的禮物後，翌年逝世，「卡皮坦」突然失蹤，一周後當她和家人到墓地拜古斯曼時，赫然發現「卡皮坦」坐在墓旁。韋羅妮卡說：「我們從沒帶牠去墳場，牠如何尋到墓地始終是個謎。」墳場職員指，「卡皮坦」首次現身時沒人陪伴，走了數圈後才找到古斯曼的墓地，之後每日都在墳場內走動，傍晚6時則伏在墓旁睡覺，即使被抱走仍會自行折返。英國《每日郵報》
20120914-93,20120914,93,誤吞牙籤　婦血中毒,誤吞牙籤　婦血中毒 一支牙籤，原來也可置人於死地。英國一名45歲婦人過去幾個月來，一直嘔吐、惡心和血壓偏低，多次入院仍未查出病因，慢慢演變成血中毒和肝膿腫，導致多個器官衰竭，性命垂危，醫生經超聲波掃描才發現，原來她誤吞了一支牙籤引發怪病。醫生初時以為她腸胃受到感染，處方抗生素，但持續多月後，她呼吸困難和多個器官衰竭，加上血液測試發現，她的血酶值偏高，醫生用超聲波檢查，赫然發現肝臟內藏有一支牙籤，相信牙籤刺穿她的食道，卡在肝葉造成排斥。醫生已為她取出牙籤，治療多周後終於康復出院。英國《每日郵報》
20120914-94,20120914,94,攝石貓「飛天」搶鏡,攝石貓「飛天」搶鏡 看餐廳窗外，有飛天貓出沒？非也，原來只是拍攝者按下快門一刻，剛好貓兒在跳過對面（上圖）。類似的「攝石貓」照片最近瘋魔網絡，創出Photobombing這新興名詞，意即「破壞相片構圖的藝術」，狀況千奇百趣，總是讓人會心微笑。 像這隻儍乎乎的狗拍照時，竟有「花貓在後」，貓貓眼神深沉凌厲，兩者形成很大對比（左下圖）；一對新人拍照時竟殺出貪吃馬兒想吃花球，為食眼神攝在鏡頭下；還有這對在車廂內的母子，懵然不知車外有大熊在咆哮（右下圖），非常有趣，可惜Photobombing精髓，就是可遇不可求。 英國《每日郵報》
20120914-95,20120914,95,心跳800：鐵騎女神Kelly Brook,心跳800：鐵騎女神Kelly Brook 英國32歲索女模Kelly Brook憑着豐滿身材，成為無數英男夢中女神後，最近為自家炮製的2013年月曆拍照，只見她穿上黑色喱士連身衫和超級長靴，騎在電單車上面擺甫士，飽滿上圍呼之欲出，看得人心曠神怡。英國《每日郵報》
20120914-96,20120914,96,iPhone 5增全景拍攝港今接受預訂　會說廣東話,"iPhone 5增全景拍攝 港今接受預訂　會說廣東話 《蘋果》記者許福合美國三藩市直擊 在全球果迷等足一年後，蘋果前天（周三）在美國三藩市發佈會終正式推介iPhone 5，標榜手機「更輕更薄更快」，屏幕拉長至4吋，支援4G LTE網絡，最讓本港粉絲高興的是，預置聲控語音助理Siri可支援廣東話，香港更首次成為iPhone首賣地區，與美加英法德澳日星同步下周五開售，今日（周五）開始接受預訂。 iPhone 5繼續以黑白兩色登場，分16GB、32GB和64GB三個容量，美國兩年合約價199至399美元（1,560至3,120港元），本港淨機價則售5,588至7,188港元，相信勢必再掀搶購潮。 外形更長更薄 iPhone 5照片早在網上流傳，驚喜度減少，發佈會上掌聲不斷的情況甚少出現，但其全新設計仍令人期待，玻璃鋁合金機身僅厚7.6毫米，比4S薄18%，重112克，輕20%，蘋果高級副總裁席勒（Phil Schiller）形容是全球最薄智能手機。 另一焦點是Retina屏幕拉長至4吋，變成16:9比例，解像度增至1,136x640，畫面更可顯示五行圖示，在擴大屏幕同時，亦照顧到用家單手的操作習慣。新機配備A6處理器，運算速度和處理圖像能力是上代A5兩倍。記者試用後，發覺最明顯分別在iPhone 5開關部份使用記憶體較多的app，如iPhoto時較流暢和無遲窒。 電子票據中心 iOS 6另一新功能Passbook，是儲存和管理登機證、會員卡、球賽門票、禮券和優惠券等電子票據的中心。用戶儲存登機證資料，到達機場後手機會自動顯示登機證，掃描後即可登機，還會提醒登機閘口變更和航班延誤等資訊。 Siri講廣東話 iOS 6還有Siri改良版，支援更多語言，包括廣東話。記者用廣東話問Siri：「今日香港幾多度？」效果出奇地好，Siri懂得上網查找香港天氣，快夾準。Siri亦整合了蘋果地圖，方便用戶直接問路，還可問球賽比數和以聲控啟動應用程式，簡單說出指令就可更新fb狀況。 3D地圖 整合fb iPhone 5預載iOS 6，新系統200多項新功能，大部分已在6月時公佈，當中蘋果自家研發的地圖服務最受注目，具備有路口轉彎提示的語音行車導航功能，還有可讓用戶快速瀏覽各城市的flyover 3D模式。記者現場看到英國大笨鐘的3D效果（圖），但在香港區地圖上效果一般，比較明顯有國金中心及會展，地圖能顯示中文，但大廈樓房的資料不夠詳細，實用度未及Google地圖。iOS 6亦加強整合facebook，用戶登入fb一次，即可在各個app直接貼文上fb。 可拍全景靚相 後置的iSight拍攝鏡頭有800萬像素、5段式鏡片和f/2.4光圈，相機比4S小25%，但拍照速度快40%，能低光拍攝及減噪效果更佳，新增的全景相拍攝模式，將手機一掃即可拍攝2,800萬像素全景靚相，相片更可透過照片串流與朋友分享；影片畫面質素則仍是1080p，但防手震技術更好。 港僅數碼通支援4G 果迷今次終等到iPhone 5支援4G LTE網絡，上網速度最多快3G網絡10倍，而且覆蓋面遍及全球，港版iPhone 5會支援LTE 850/1800/2100MHz，但蘋果發佈會列出香港只有數碼通能支授iPhone 5的LTE，有心上台的用家要留意。 耳筒連接埠大革新 iPhone 5設計大革新，目的是想提升揚聲器、咪高峯和通話質素，耳筒插槽由機頂搬到機底，跟機白色耳筒EarPods也是全新設計，耳筒揚聲器部分採用淚珠形入耳式設計，戴得舒服，傳音亦更佳，是iPhone面世以來首次大幅改動耳筒設計。 另一大改動是放棄沿用多年的30-pin連接埠，以迷你8-pin Lightning連接埠替代，插糟較細，減低入塵機會，但想繼續用原有周邊產品，就要買30-pin轉接頭。新手機亦改用nano-SIM卡，較micro-SIM卡小44%。"
20120914-97,20120914,97,驚喜欠奉「像電視遙控器」,"驚喜欠奉「像電視遙控器」 蘋果iPhone 5千呼萬喚始出來，但驚喜欠奉，毫無令人嘩然的革命性新突破，只是一些小改進，令人質疑蘋果在後喬布斯時代江郎才盡，只有忠實死硬派的果迷讚不絕口，分析預期在果迷追捧下，可望一個月內賣出1,000萬部。 專為女人而設的iPhone 市場原本對iPhone 5充滿期待，希望有彩色的外殼、搭載近場通訊（NFC）晶片當電子錢包，但願望一一落空。美國華人對此很失望，網友說：「真難看！跟電視遙控器差不多。」部分人指感覺像抄襲三星，有網友更慨嘆：「沒有喬布斯，這Apple只不過是曇花一現，倒閉是早晚的事！」更有網友說「價格超貴，堅決不買」。 不過，一名婦人把玩過新iPhone，大讚新設計是專為手掌小的人而設，「之前所有iPhone是為男人而製造，因為若手掌不夠大，手機很易滑落，現在終於有一部專為女人而設的iPhone」。分析員鮑亞里對iPhone 5銷感樂觀，說它的手感非常好，「感覺就像貴價珠寶般，手工非常精細……跟過去五年在市面出售的iPhone不一樣」。 即使蘋果有死硬派粉絲撐場，但要重奪智機手機一哥地位機會渺茫，因為蘋果巿佔有率僅16.9%，較三星的32.6%少一半，加上微軟加入戰團，令競爭更白熱化。 法新社"
20120914-98,20120914,98,連接埠變細 轉接頭$234,連接埠變細 轉接頭$234 iPhone 5淘汰了沿用9年的30-Pin連接埠，改用體積小80%的8-pin Lightning連接埠，令果迷擔心之前所買的周邊產品要全部換掉，蘋果就表示會推出30-Pin轉接頭解決問題，但30-Pin轉接頭每個售29美元（234港元），0.2米長的附加電線售39美元（312港元），即使單買一條Lightning USB線也要19美元（156港元）。 不少現有用戶對蘋果的「掠水」做法大感不滿，有網民在Twitter留言：「是在考驗我的耐心嗎？」也有人稱看到新周邊產品的「超離譜」價格，像被打了一巴掌。 英國《每日郵報》/中央社
20120914-99,20120914,99, 「炒家最多賺1000蚊」," 「炒家最多賺1000蚊」 iPhone5面世後，本港多家電訊商即時表示「有機賣」，CSL、3香港及數碼通都表示在下周五開始發售新iPhone，但要注意是本港暫得數碼通支援1800mhz的4G頻道，其他電訊商則仍在鋪設安裝中。 過往有新iPhone到港也會掀起炒風，但先達電話店G-WORLD負責人劉志剛昨天指，近來蘋果的新產品大致貨源充足，「最多都係頭幾日有水位，估計炒家最多賺1,000蚊左右咋，再遲啲水位會更低！」 iPhone 5未必炒得起，另一個原因是水貨iPhone 5在大陸無法使用。果殼網報道，iPhone 5使用nano-SIM卡，比現在使用的mirco-SIM卡小44%，買到新機需到網絡商換機才可使用，若把現時的SIM卡剪成nano的大小，都無法使用。本報記者"
20120914-100,20120914,100,美遣驅逐艦赴利比亞疑恐怖分子襲領事館　反美潮捲也門,美遣驅逐艦赴利比亞 疑恐怖分子襲領事館　反美潮捲也門 美國駐利比亞班加西領事館遇襲，美國大使史提文斯（Christopher Stevens）和三名職員死亡，震驚全美。華府懷疑襲擊是恐怖分子策動，火速派兩艘驅逐艦和50名海軍陸戰隊員到利比亞，加強美國駐的黎波里大使館保安。中東反美浪潮昨天（周四）蔓延至也門，暴徒衝入美國大使館內燒車，最後被保安部隊用水炮驅趕。 美軍驅逐艦「拉布恩號」（USS Laboon）昨抵利比亞外海，另一艘驅逐艦「麥克福爾號」（USS McFaul）數日內亦會到位。兩艦都配備「戰斧」巡航導彈，共有300士兵，軍方給予指揮官彈性，可回應總統命令的任何任務。另方面，美軍由西班牙調派50名海軍陸戰隊精英部隊「美國反恐安全隊」（FAST）隊員赴的黎波里，保衞美國使館。 今次襲擊表面是暴徒不滿美國電影《回教徒的無知》（Innocence of Muslims）褻瀆穆罕默德，但從襲擊者配備的武器和行動協調看，華府懷疑襲擊是跟阿蓋德有聯繫的恐怖分子策動。襲擊前24小時，阿蓋德領袖扎瓦希里在網上發放錄影，呼籲利比亞人報復。 美國聯邦調查局（FBI）已派搜證隊到利比亞，美軍還部署無人駕駛偵察機協助追蹤恐怖分子，奧巴馬下令提高全球美國使領館保安。 襲擊在周二晚發生，數百名配備步槍和火箭彈的暴徒衝入美國駐班加西領事館掃射，一名美國人中槍身亡。領館內37名美國人逃往鄰近的安全屋，但當海軍陸戰隊前來撤走時遭狙擊，兩名陸戰隊員喪生，後來終逃離班加西，飛往的黎波里。 與此同時，52歲美國大使史提文斯在三名陸戰隊員護送下企圖乘車逃生，但座駕遭火箭彈擊中，兩名海軍陸戰隊員陣亡。史提文斯被送院，因吸入過量濃煙窒息，搶救無效。 也門暴徒爬入使館燒車 《回教徒的無知》在回教世界激起反美浪潮，也門美國大使館昨日遭數百示威者衝擊，部份人攀越圍牆進入使館範圍燒車、拆毀使館標誌，保安人員發射水炮和向天開槍示警，驅散人群，導致1死數十傷。 美聯社/法新社/路透社
20120914-101,20120914,101,圖坦卡門患癲癇　長大乳房,圖坦卡門患癲癇　長大乳房 埃及古代法老圖坦卡門（Tutankhamun）年僅19歲駕崩，早死之謎眾說紛紜，最近英國醫學專家研究圖坦卡門身體特徵和家族病史，推測圖坦卡門患顳葉癲癇症遺傳病，令他不尋常地長出大乳房。英國醫學專家阿什拉菲揚指出，顳葉癲癇症患者荷爾蒙失調會長出巨乳，經常癲癇，在日光下有幻覺。圖坦卡門長有巨乳，腳部骨折可能是癲癇造成，從古埃及壁畫發現，圖坦卡門的多位男性親人都有女性化特徵：大胸和盆骨寬闊。另外，圖坦卡門上幾代的法老，包括阿蒙霍特普三世以及圖特摩斯四世，胸部都不小，其中圖特摩斯四世更有紀夢碑，說曾在白天下看見「神」，不排除正是顳葉癲癇症的幻覺，而且他們駕崩年齡一個比一個輕，進一步肯定他們有遺傳病。英國《每日郵報》
20120914-102,20120914,102,醉漢墮軌　冷血賊劫銀包逃,醉漢墮軌　冷血賊劫銀包逃 瑞典首都斯德哥爾摩一名醉漢在火車站墮軌，一名冷血男子不但見死不救，甚至爬下月台偷走他的銀包（紅圈示），沒通知職員就離開。結果醉漢遭數分鐘後抵站的火車輾過，雖奇蹟不死卻失去左腳。 上月某日凌晨，38歲醉漢約翰尼墮軌後，冷血賊本有至少六分鐘通知月台職員煞停列車，但他卻任由約翰尼躺在路軌。警官指匪徒行為令人惡心，但他沒推醉漢落路軌，只能控以盜竊。警方近日公開事發的閉路電視片段，緝捕冷血劫匪。英國《每日郵報》
20120914-103,20120914,103,美教授堂上掀衣餵母乳,美教授堂上掀衣餵母乳 美國人類學助理教授派因（Adrienne Pine圖）是單親媽媽，開學當天女兒病了，她只好帶寶寶回校，有助理請纓幫忙照顧，但她婉拒。她將寶寶放在課室，見寶寶「扭計」，竟在40名學生前掀起上衣餵母乳，學生錯愕。校園報章訪問她，她勃然大怒，堅稱沒做錯：「我很懷疑誰看到我的乳頭，因我擅於遮掩，就算有，他們現在知我這個教授，是和他們一樣有乳頭的。」校方發聲明指理解派因的難處，但認為帶病嬰回校不妥，應尋求協助。美國《華盛頓郵報》
20120914-104,20120914,104,候任人選街頭昏迷危殆  日擬換駐華大使,候任人選街頭昏迷危殆  日擬換駐華大使 在中日兩國正因釣魚台問題鬧僵之際，日本撤換駐華大使安排添變數。原定接替丹羽宇一郎的西宮伸一，昨日（周四）在東京住所附近街頭倒地昏迷，手術後仍處嚴重昏迷，病情危殆，當局正考慮更換新駐華大使。 昨晨8時45分，有途人發現60歲的西宮倒地，於是報警，救護員即場替他做了5分鐘心肺復蘇，手術後仍嚴重昏迷。身為外務省副部級官員的西宮，上下班理應有專車接送，為何在這敏感時刻一個人外出，惹人揣測。 內閣官房長官藤村修否認西宮遇襲，指他是身體出問題；至於西宮能否如期下月到北京履新，他說「目前無可奉告」。但消息人士指，即使西宮成功救治，估計難勝任駐華大使的繁重工作，因此當局正考慮新的人選。日本周二宣佈將釣魚台國有化後，據報中國已派出四艘海監船到釣魚台海域，但至今仍未發現中國海監船蹤影，日本艦船和飛機卻明顯增多。 台派海巡艦到釣魚台 同樣聲稱擁有釣魚台主權的台灣，昨派出兩艘海巡艦艇到釣魚台周邊海域，全天候24小時護漁。海巡官員指，若遇上日本的公務船阻攔，執勤人員將不惜充當人盾。總統馬英九表明，在主權立場上「寸土片石，在所必爭」。 東亞局勢升級，美國防長帕內塔下周訪日，跟日本防衞大臣森本敏和外相玄葉光一郎會面。兩架美軍F22隱形戰機前日「緊急降落」山口縣美軍基地，或是美軍因應局勢加強在日的軍力部署。昨天繼續有中國人示威，上海有一名日本人遭人潑湯麪，眼部受傷，是日本將釣魚台國有化後，首次有日本人在中國遇襲受傷。 日本共同社/日本新聞網
20120914-105,20120914,105,Photobook威廉凱蒂抵大馬　探訪鼓勵癌童,Photobook 威廉凱蒂抵大馬　探訪鼓勵癌童 英國威廉王子和妻子凱蒂昨天飛抵馬來西亞，隨即到吉隆坡一間醫院探望末期癌症病童。凱蒂首次在海外公開演說，強調為末期病童提供支援的重要。周二剛度過15歲生日的急性白血病患者阿努阿爾，為見凱蒂一面，忍着劇痛押後輸血，凱蒂讚他英俊和勇敢，他即顯露久違的歡顏。 威廉伉儷較早前在新加坡結束訪問時，曾到葬有英聯邦陣亡軍人的克蘭芝公墓致哀（左圖），並代表英女皇向陣亡軍人獻花（右圖）。 英國《每日郵報》
20120914-106,20120914,106,News Flash荷蘭親歐派自民黨勝選,News Flash 荷蘭親歐派自民黨勝選 荷蘭周三大選，執政自民黨在下議院150席中，總共贏得41席，比得票第二高的工黨多兩席，首相呂特（Mark Rutte）已經宣佈勝出。今次選舉被視為荷蘭人是否親歐的公投，自民黨勝出後可望跟同屬親歐派的工黨組成聯合政府。美聯社
20120914-107,20120914,107,News Flash克林頓幾乎轉投摩門教,News Flash 克林頓幾乎轉投摩門教 美國前總統克林頓透露，他16歲在阿肯色州受到摩門教的崇高道德標準吸引，幾乎轉投摩門教，即共和黨總統候選人羅姆尼信奉的宗教。但當他得悉教義列明只有忠實摩門教徒才可上天堂，他不想遺下非摩門教的朋友，決定留在浸信會。英國《每日郵報》
20120914-108,20120914,108,News Flash美攻伊朗僅推遲核彈面世,News Flash 美攻伊朗僅推遲核彈面世 一份由逾30名前美軍、外交官和國安專家制訂的評估報告指，若美軍只向伊朗發動空襲、網絡戰等有限攻擊，只能短暫動搖伊朗政權、將伊朗核彈面世延遲四年，伊朗卻有能力部署大報復，將整個中東地區變成戰場。美國若發動全面進攻，包括出動地面部隊，才有望有長遠成果。美聯社
20120914-109,20120914,109,國際Z世代：利比亞版《燃眉追擊》 - 盧峯,國際Z世代：利比亞版《燃眉追擊》 - 盧峯 《燃眉追擊》（Clear and Present Danger）是多年前一齣賣座電影，由著名演員夏里遜福（Harrison Ford）主演。電影其中一場說哥倫比亞毒梟集團為了報復美國政府嚴打販毒活動，向訪問哥倫比亞的美國高級官員發動伏擊，先透過內奸及被收買的警察把美國官員車隊引進倔頭巷，再以大貨車擋住唯一出口，埋伏兩旁樓宇天台的伏擊手則以火箭炮、機槍等猛烈攻擊車隊。結果，訪問哥倫比亞的官員及保護他的特工全部被殺，只有夏里遜福成功脫險。想不到的是，這種狙擊行動居然在現實世界中出現。美國駐利比亞大使就是在一場精心佈局的襲擊中喪生，令人擔心成功推倒卡達菲後的利比亞已成為阿蓋德及其他恐怖組織的新樂園。根據傳媒及官方發佈的消息來看，今次攻擊美國駐班加西領事館及殺死大使的行動並不是普通的暴民圍攻，而是一次有組織、有預謀及準備周詳的行動。攻擊的人使用的不是一般自動步槍、手槍或輕型武器，而是配備火箭炮發射器、防空武器（anti-aircraft weapons）的人。這兩種武器不是一般民眾擁有，暴動抗議的人更不會帶備；只有狙擊手及追殺逃走的人才會用得上。由這樣的情況可見，今次在利比亞班加西出現的攻擊並不是一般反美示威，而是趁911敏感時刻向美國發動的攻擊。究竟擊殺美國大使的是阿蓋德又或是其他恐怖組織暫時還不得而知，但利比亞的確已成為這些組織的樂園。在卡達菲時代，利比亞已是全球恐怖組織的重要訓練基地，但它們主要是向世界其他地方發動攻擊如劫機、暗殺之類，不會在利比亞國內搞事。但在卡達菲倒台後，利比亞內部出現權力真空，新政府控制全國的能力比以前薄弱得多，那些早已暗藏在國內的恐怖組織自然不再有顧忌，自然可以選擇攻擊在利比亞國內的目標如歐美國家駐當地的使領館。另一方面，經過一年多的內戰，利比亞已出現軍閥割據的情況，不同派系、種族有本身的武裝部隊，並有大量各類武器散落民間，隨時落到極端分子手上，成為他們發動攻擊的本錢。利比亞的亂局實在比當初估計還要混亂，往下來可能還有其他類似的襲擊發生。盧峯
20120914-110,20120914,110,賺錢多　高學歷女郎爭入行日女搶拍AV,"賺錢多　高學歷女郎爭入行 日女搶拍AV 日本成人影片業蓬勃，造就很多AV女優名成利就，隨着日本人的性觀念轉變，AV女優已變成搶手的職業，甚至只有高學歷的女孩才能順利入行。 日本作家中村淳彥曾訪問很多AV女優，他說1990年代時期，即使拍AV可賺1,000萬日圓（99.7萬港元），日女多不會放下身段拍AV。但過去10年，女士觀念發生很大變化，現時搶拍AV，導致AV女優人數激增，平均每年有約6,000名女孩，首次在AV亮相。 AV女優變身日女眼中的「筍工」，除因工作不受經濟危機影響，且賺錢多、成名快。中村說：「有個銀行OL工作兩年後，開始懷疑是否入錯行。她意識到她可去做AV女優，還說對這職業十分滿意。」 100人應徵　15人中選 中村表示，由於應徵拍AV的女郎人數太多，100個女孩之中，往往只有15人可入行，製片商於是改變策略，專挑高學歷女郎，來自頂尖大學的女生，或者已獲教師和護士等專業資格的，中選機會較大。換言之，想在日本犧牲色相，還得要先多讀書。 中國經濟網"
20120914-111,20120914,111,「貓型女」忽冷忽熱　嚇壞日男,「貓型女」忽冷忽熱　嚇壞日男 日本剩女不斷增加，男士們在擇偶時有更多選擇，但他們最怕太聽話又過份黐身、像狗那樣忠誠的「犬型女子」，但更怕那種情緒飄忽不定的「貓型女子」。在日男眼中，「貓型女」有九宗罪。第一宗罪：瞬間變臉，原本很熱情卻突然變冷淡，無法適從第二宗罪：即使約好也可臨時取消，令男友有被玩弄的感覺第三宗罪：沒考慮男友的狀況而要求對方為她做任何事第四宗罪：以「靜一靜」為由突然玩失蹤，關掉手機，讓男友找不到第五宗罪：對她太好卻嫌你煩，對她不好又會不高興第六宗罪：想撒嬌就撒嬌，令很顧面子的日本男人感丟臉第七宗罪：當自己是女王，不接受男友任何批評第八宗罪：原本專心做某件事時，又突然迷上別的事物第九宗罪：愛單獨行動，男友完全猜不到她是甚麼人台灣今日新聞網
20120914-112,20120914,112,2013健力士紀錄大全出爐真人「大力水手」　二頭肌31吋粗,2013健力士紀錄大全出爐 真人「大力水手」　二頭肌31吋粗 《健力士世界紀錄大全》2013年版出爐，一如以往，當中不乏「騎呢」紀錄，包括擁有78.74厘米（31吋）、全球最粗二頭肌的美國「大力水手」，但他這麼大隻，並不是靠吃菠菜，而是經常吃雞肉。日本設計師梳了一個高111.76厘米（3呎8吋）的髮型，成了全球最高punk頭。英國《每日郵報》
20120914-113,20120914,113,Xbox研全息影像3D虛擬遊戲場景,Xbox研全息影像 3D虛擬遊戲場景 打機一族有福了，微軟公司正申請一項專利，利用Xbox的Kinect體感控制器轉成全息影像投射器，把遊戲影像投射到房間牆上，營造3D虛擬空間效果（圖）。這項專利亦可掃描玩家的房間，把桌椅化成場景的一部份，或令它們隱形。在3D虛擬空間，玩家隨時要轉身對付潛伏在後的「敵人」。微軟公司在去年初為新技術申報專利，但美國專利及商標局上月才公佈，暫仍未知何時才應用在Xbox遊戲上。英國 《每日郵報》
20120914-114,20120914,114,性愛刺激女性改變基因,性愛刺激女性改變基因 性愛，除帶來肉體歡愉，原來也悄悄改變女性基因！科學家發現，精液內含一種蛋白，可刺激女性改變多種基因序列，影響生育能力、免疫系統、性慾、飲食和睡眠習慣等。英國東安格利亞大學在研究果蠅時，發現果蠅精液內的性肽蛋白，在雌性果蠅體內扮演「主調節器」角色，影響對方的基因序列，改變卵子發育、早期胚胎發育等。果繩跟很多動物，包括人類的情況很相似，科學家認為研究結果適用於人身上。英國《每日郵報》
20120914-115,20120914,115,全美麥當勞列食物熱量,"全美麥當勞列食物熱量 為洗脫垃圾食物的標籤，美國麥當勞前天（周三）宣佈，由下周起，全美14,000間分店的餐牌都會列出所有食物的卡路里熱量，讓顧客可按熱量需要點餐。麥當勞美國區主席菲爾茨（Jan Fields）表示，公佈卡路里資料，目的是讓顧客有更多健康選擇，但他絕口不提麥當勞一直提供高脂高糖食物，導致美國人越食越癡肥的問題。新餐牌會提供更多蔬果類和烤雞類食物，營養專家對此舉表示歡迎，但懷疑麥當勞可能因應食品及藥品管理局（FDA）可能即將頒佈新規定，強制要連鎖快餐店列明食物的卡路里資料。法新社"
20120914-116,20120914,116,遊搜好行：二人敢死隊　智闖沙漠,"遊搜好行：二人敢死隊　智闖沙漠 一部越野車，加上兩個大男人，在各種極地環境下，究竟可以用甚麼方法生存和克服大自然帶來的挑戰呢？即將在今個月26日播出的《One Car Too Far》（中文名《飆出活路》）內，就有齊所有答案！今年初我有幸去到位於智利的其中一個拍攝現場，在萬里黃沙的科皮亞波Copiapo見證兩位主角施展求生絕技，在沙漠的山丘上高速飛馳，實在是眼界大開！ 記者、攝影：姚子浩（部份相片由Discovery Channel提供） 各取所長協力求存 今次非一般的智利之行，並非去任何一個大城市，而是以銀礦和銅礦資源豐富見稱的科皮亞波Copiapo，我來到遼闊的亞他加馬沙漠Atacama Desert，為的就是要一睹兩個大男人加一部越野車，如何憑各自的一身好本領，在極地野外存活下來，並逃到文明安全的地方。其實，這個設定是即將在今個月26日在Discovery Channel首播的全新求生節目《One Car Too Far》的橋段，新節目找來前英國特種部隊成員Gary Humphrey與美國超級汽車迷Bill Wu（吳比爾）做拍檔，在只有一部簡單越野四驅車的條件下，在智利分別挑戰危險冰川、潮濕雨林、乾旱沙漠及零下低溫的山區四個極地環境，考驗他們二人的求生技能和駕車技術。除了Bill和Gary，今次另一位主角便是那部鮮紅色、已有10年車齡的四驅車Ruby，是他們的代步工具之外，也是過程中重要的求生工具。在完全沒有正常路面的情況下，這對拍檔分別發揮高超的駕駛技術和專業的求生技能面對困難，例如做出包括利用汽車零件改裝搭建避難處、用雞蛋來填補汽車散熱器的裂縫及駕駛汽車衝出沙漠流沙等大膽動作。而我這次去到科皮亞波，便是與一班來自世界各地的傳媒，一同見證這個全新電視節目的煞科拍攝，以及與兩位主角碰面，了解一下這種近乎玩命的求生心得。 輕輕鬆鬆煞科慶功 我們由科皮亞波的市中心出發，離開城市範圍直闖亞他加馬沙漠的拍攝地點，坐了大概一個小時的車程便到達。由於當日是煞科的關係，下車後見到為數二十多人的工作人員都顯得非常輕鬆，實在好難想像他們在這些極地環境下已熬過了好幾個月。大夥兒抵達的地方是旅遊巴仍可駛到的補給站，甫下車便被眼前一望無際的沙漠絕景深深吸引，紛紛舉起相機拍低這個壯闊的環境。出乎自己意料的是，雖然當日萬里無雲烈日當空，沙漠裏又無遮無掩，太陽直接照在身上，但卻出奇地覺得非常舒服，原來在亞他加馬沙漠經常都會吹着微風，加上乾燥的環境，汗水瞬間就蒸發掉，絕對可以用「風和日麗」來形容這好天氣。不過，監製卻對我們說，這種舒服的感覺很容易令人在不知不覺間脫水，太陽對皮膚的傷害性也很高，所以要經常提醒自己多喝水。他講解完一輪注意事項之後，我們便浩浩蕩蕩地跳上四驅車，前往真正的拍攝地和Bill及Gary見面。 落車後發現現場有很多凹凸不平的沙丘，而兩位主角就正在準備拍攝整輯節目的最後一個鏡頭。健談的Bill見到我們便第一時間上前打招呼，更滔滔不絕聊起天來，反而Gary就比較文靜。終於，工作人員準備就緒之後，最後一個鏡頭就要開拍了，Gary和Bill坐着越野車在沙丘間上上落落，我們則在帳篷下邊飲咖啡邊欣賞，只是短短兩個Take，這齣《One Car Too Far》便宣佈拍攝完畢，所有工作人員都興高采烈狂歡，最後更來了一個大合照時間，足足玩了近大半個小時才肯離去。 挑戰極地露宿雨林 今次《One Car Too Far》的兩位主角除了沙漠之外，也挑戰了另外三個智利的極地，包括冰川火山、熱帶雨林和南美山脈，問到當中最辛苦是哪一個地方，Bill和Gary都異口同聲說是熱帶雨林。Gary話在雨林內根本沒有正常的路面，所以邊行邊靠自己開路，徒手破開樹木自然少不免，加上又有河流溪澗，有時甚至要親手搭製木橋讓車子駛過去。不過，比起這些體力上的消耗， Bill就覺得連綿不絕的雨水更加難熬，由朝到晚都在全身濕透的情況下進行拍攝，對於他們和攝製隊都是非常沉重的負擔，其間更有部份昂貴的機器因為濕氣而報銷。由於在雨林內前進速度非常慢，有一晚Bill和Gary更索性不隨攝製隊回酒店，爭取時間在雨林裏露營休息，豈料翌日攝製隊告訴他們前一晚回程時因為大雨足足花了六個小時，他們便非常慶幸自己選擇了露宿。 一生一次科皮亞波 這次是我第一次來到智利，也是第一次去科皮亞波。去到的時候已經有一種強烈的感覺，「這個地方相信人生中不會再踏足第二次了。」原因並非討厭科皮亞波，而是這個以礦場和沙漠為主的地方，以旅遊的角度來看，實在很難找到機會再去一次。 科皮亞波位於智利的北部，距離首都聖地牙哥約800公里，現時的人口大概只有20萬。提到這個地方，最出名的除了豐富的銀礦和銅礦資源外，就是由這裏連接到沿海城市Caldera的火車，是全個南美洲最古老的鐵路。這裏給我的另一個印象是非常少人，就算身在市中心地方，沿路要走一段時間才會碰到路人，原來科皮亞波的人口密度大約每平方公里只有12人，只有香港的530分之一左右。 專業車手Bill Wu 居於美國加州聖地牙哥的Bill（吳比爾）是台灣人，自小已是超級車迷，16歲時就獲得第一架豐田家庭車，但他很快就用它換來一架低底盤小貨車，並不時着手改裝，自此之後他就徹底迷上駕駛和改裝汽車。與此同時，他也是一名有七年執業經驗的脊椎治療師，成立了連鎖保健診所，並涉足房地產事業。事業的成功讓Bill能夠在2006年退休，全心投入自己熱愛的賽車運動。他擁有一整個車庫的汽車，參加過各式車種的賽車活動，包括直線競速賽、越野賽汽車和拉力賽，他和弟弟Allen組成「吳隊」（Team Wu），也曾參加過超級跑車賽和奔牛拉力賽，是專業級的賽車高手。因Bill對各式車種都非常有研究，令他成為一名全方位車手，無論是泥地賽、攀岩車駕駛、雪地和沙丘駕駛，基本上都難不倒他。另外Bill也是Hummer Club的會員，曾擁超過100架Hummer，經常參加越野駕車遠征活動。談到駕駛風格，鬼馬的Bill表示要先看誰是車主，如果是駕駛自己的愛車，他就會格外小心，但如果車是租來的，那他可是一點都不在意呢！ 求生專家Gary Humphrey 來自英國的Gary，年少時就渴望探索全世界，因此他20歲就加入英軍，在皇家海軍陸戰隊和特種部隊服役長達17年。在英國武裝部隊服役期間，經歷過各種艱辛惡劣的環境，使Gary磨練出一身精良的求生技能，從北極、沙漠到叢林求生對他都不成問題，是位真正的Survivor。離開海軍陸戰隊後，Gary擔任過許多國際知名電視節目和電影的現場製作、技術顧問和安全協調人員。他參與過的影視製作包括《羅賓漢》及英國非常受歡迎的《Top Gear》節目，行程包括橫越北美、阿爾巴尼亞、伊拉克到伯利恒，還有北極長征。他亦運用他的專業保安知識，為一些名人擔任保鑣工作，其中包括Matt Damon、Jennifer Lopez和Anthony Bourdain等。雖然Gary的主要專長在於求生技能，但他也有駕車進入險惡地點的豐富經驗。他曾駕車橫越北非、從亞馬遜旅行到智利，駕駛雪上電單車抵達北極，駕船穿越颶風，以及從開普敦一路搭順風車到奈洛比Nairobi。此外，多才多藝的他也擁有PADI（Professional Association of Diving Instructors）的潛水教練資格、領有遊艇執照和受過專業訓練的攝影技術。 《One Car too Far》五次驚喜 今次《One Car too Far》共分五集，頭四集講述Bill和Gary會挑戰不同的極地，當中包括沙漠、冰川、熱帶雨林和高山，而最後一集則會分享汽車心得和十大求生技巧，可以睇到緊張刺激的畫面之餘，又實用性兼備，非常值得大家期待。 《火山冰原》 播出日期：26/9 軍人出身的求生專家Gary與汽車機械師Bill駕駛四驅越野車，面對零下低溫的挑戰，從山頂覆蓋白雪的火山駕駛回到文明社會。Gary差點敗於沿途一步一驚心的致命裂縫地形，為保安全，平日半小時走完的路程足足花了四個小時，因為稍一不慎隨時掉入冰洞中便有生命危險，而濕滑的冰原亦考驗到Bill的駕駛技術。Gary教導Bill在雪中搭建穩固安身之所的重要性，二人開始變得熟絡，但嚴重的機械故障，卻令情況變得更嚴峻。 《亞他加馬沙漠》 播出日期：3/10 亞他加馬沙漠可說是行程中最艱困的挑戰之一，他們必須逃離這個全世界最乾燥的地方。在有如巨塔的沙丘和45。斜角的沙牆上開車，只是剛開始的難題，Gary和Bill白天忍受灼熱高溫與烈日；晚上氣溫卻驟降接近零度。Gary想到一個能夠找到更多飲用水的妙計，可惜Bill卻接受不了來自尿液的水源。另外，這一集裏面Bill想到了一個修補汽車散熱器裂縫的奇招，令Gary對他刮目相看。 《熱帶雨林》 播出日期：10/10　 要在沒有道路的雨林中前進，先在荗密樹林裏開路，再透過他們唯一的工具，亦即是那輛紅色越野車重回文明社會。他們沿途遇到的艱難挑戰包括豪雨、低溫與湧之不盡的泥濘。Bill必須克服對各種昆蟲的恐懼，而Gary更需要跳河，以幫助二人渡過暴漲的急流。節目裏面，Bill想到一個起營火的聰明辦法，Gary亦能夠利用安全帶發揮神奇作用。他們讓車子隨着結冰河流一起漂移時，遇上最困難的挑戰。 《南美山脈》 播出日期：17/10 這次的挑戰是要從南美山脈開車返回文明社會，途中他們將面對陡峭岩壁、巨大的卵石及岩石崩塌的危機。Bill發揮急才，用一個全新方法修理故障的高壓電線。Gary接受在岩壁垂降的挑戰，過程緊張刺激，同時亦發揮狩獵本領，替二人補充了必要的蛋白質。兩人角色交換，輪到Gary駕駛四驅越野車，可是油門線出現故障，正代表他們二人必須真正同心協力，完成最後一輪挑戰。 《Under The Hood》 播出日期：24/10 最後一集他們將會對觀眾公開幕後花絮，以及汽車引擎蓋下面的秘密。本集內容包括二人獨家專訪，以及部份首次曝光的畫面。Bill和Gary將傳授越野駕駛與生存技能的十大秘訣。另一方面，亦會有二人挑戰之旅的精采場面及低潮時刻，看看Bill與Gary如何逐漸建立深厚友誼，又如何互相作弄對方。 《One Car too Far》（飆出活路） 時間：9月26日起逢星期三晚上九時 頻道：Discovery Channel（有線電視53台、now寬頻電視209台及bbTV 313台） 最佳手信 今次去到科皮亞波，到處都是沙漠，想買件手信帶回香港一點也不容易，兩天的行程除了礦泉水之外，印象中都沒有花錢的機會。反而最值得回味的，便是認識了一班來自世界各地的記者，有比利時、澳洲、馬來西亞、台灣、荷蘭、丹麥和哥倫比亞等，成班人聚集十足聯合國一樣，各自分享自己國家的點滴，是非常難得的一班朋友。 最正的事 大家有無發現，主持人之一的Gary睇落好似某個荷李活大明星？無錯，幾乎同行的所有人第一眼見到他，都會異口同聲發出「好似Daniel Craig啊！」的驚歎之聲，而抵死的Gary更話自己才是真材實料，比起Daniel Craig自己更加似鐵金剛。 討厭的事 當日去到的拍攝現場，用英文「middle of nowhere」來形容最為貼切不過，試想在這樣的一個環境，最麻煩的事情絕對是「人有三急」！皆因拍攝地點和大隊的補給站有一段距離，加上這個無遮無掩的沙漠上有大批女士，我惟有苦忍了兩個小時以上才有機會在最危急關頭飛車回去解脫，幾乎令香港丟面呢！原來，沙漠真的很恐怖！ Travel Memo ‧持BNO或特區護照者毋須簽證。 查詢：2827 1826（智利領事館） ‧乘搭國泰航空來往香港及科皮亞波（途經紐約及聖地牙哥），經濟客位機票由$35,400起（未連稅）。 查詢： http://www.zuji.com.hk  ‧220V　兩或三圓腳插座 ‧科皮亞波慢香港11小時 ‧100智利披索約兌1.6港元 鳴謝：Discovery Channel、Newell Public Relations"
20120914-117,20120914,117,雲想衣裳：琦琦 Lisa S.　名模珠寶會,雲想衣裳：琦琦 Lisa S.　名模珠寶會 印象這回事，很主觀。Lisa S.和琦琦，給我的第一印象是遙不可及的Super Model。但現實生活中，二人其實平易近人得很。最近她們的銜頭由國際名模多加了珠寶設計師一職，以為又是和某某品牌交叉之作，沒有五位數也埋不了單，但實情三位數便有交易，而且件件出品也不賴！ 記者：陳子穎 攝影：林栢鈞 場地：Amuse Bouche（2891 3666） 月費模式唔肉赤 線上生意越來越受歡迎，連老外Lisa S.也看中了港女貪新的心理，於去年創新推出GlamaBox美容網站。這門生意很有噱頭，Lisa發現到很多女生每月都花大筆費用購買各式各樣的美容產品，但買的是否真正適合自己又是另一回事。「網站的消費模式類似日本的『福袋』，消費者只須支付$108的月費，每月便可收到一個神秘禮包，內裏包含四至五個品牌的產品，當中包括了護膚、化妝以至一些扮靚工具，其中有名牌子，也有一些新品牌，一方面滿足她們First Trial的心理，另方面可以幫她們Limit自己每月扮靚的支出。」Lisa說，網站成立至今接近一年，發現這門生意真的有利可圖。於是今年夥拍好友琦琦，創立另一網站GlamaGem，主力售賣她們設計的珠寶首飾。琦琦：「相信沒有女生不喜歡珠寶首飾，我和Lisa S.經常結伴同遊，又一起做Show，常留意不同國家的珠寶設計，某天聊起何不將這發展成一門生意？既可滿足我們Custom Jewelry的夢想，又可以同其他女生分享大家的共同興趣，是一件很美好的事情。」 688好意頭 二人決定將之前的消費模式再次套用在新的網站內，而今次訂的月費是$688，基本上所有她倆設計的珠寶首飾，無論耳環、頸鏈或戒指，也是均一收費。琦琦：「陸發發是中國人好意頭的象徵，會員每月付一個指定費用，就可挑選一件由我或Lisa設計的首飾。其實當中很多產品也高於所訂價格，但我們始終希望訂的價位平易近人一點，讓更多人可以買到自己的心頭好。」Lisa又補充，網站七月中開始成立，暫定每月二人會各推一款Custom Jewelry。「我們親手設計的屬於Limited Edition，這些只有GlamaGem VIP會員才能訂購。而為了保證品質，這些設計是限量生產的，而且每一件首飾都會附上印有獨立序號的正品卡。另外亦有一些是設計師了解了我們的喜好後再設計的。」 設計易入屋 名人的設計要浮誇，夠特別先叫有品味，可Lisa和琦琦卻不是這樣想。「我們的設計反而傾向大眾化，希望人人都可以戴，而且戴足一年四季，所以設計的重點要夠Timeless，不同的珠寶有玫瑰金、寶石、銀等選擇，希望盡量做到生活化一點。」 最後值得一提，每件首飾的背後，Lisa和琦琦都幫她們起了一個名字，彷彿賦予它們生命，也正代表着每一件都是她們嘔心瀝血的結晶。 後記 做完這個訪問，我很羨慕Lisa S.和琦琦。從她們身上我完全體會到「完美女人」這四個字。尋常百姓如你我，樣貌、身形、事業、家庭，可能只能夠四選一，幸運的或有二分一。然而她們四者兼得，所得的還近乎完美，這種幸福對我來說實在有點奢侈！ 魅力姿飾 網址： http://www.glamagem.com 
20120914-118,20120914,118,Fashion News：STACCATO×GROUND-ZERO太空情意結,Fashion News：STACCATO×GROUND-ZERO 太空情意結 近年成功在倫敦插旗的GROUND-ZERO兄弟設計師Eri和Philip，最近和STACCATO合作首次參與高踭鞋設計。玩開時裝設計的Philip話，第一次設計高踭鞋是一個很好的經驗。「最初想到了很多天馬行空的意念，但原來有一些Idea是行不通，鞋造了出來卻走不到路！後來才了解到原來造鞋的細節很多，工藝、用料、重心、鞋楦、平衡等等，上了很寶貴的一課！」另外，提到他們今個月尾，GROUND-ZERO成為香港首個代表出現於Paris Fashion Week，他倆均頻頻表示心情超緊張，而且壓力很大，始終未有香港人試過。Eri亦率先向我們透露，新系列的設計源自星球太空，造型感很強。原來是源於兩兄弟從小對機械人一種莫名的情意結，於是決定將兄弟倆所好，投放到人生一次歷史性的時刻中。記者：陳子穎 STACCATO（2175 3883）尖沙嘴海港城港威商場2404號舖
20120914-119,20120914,119,蘋機會：台灣發佈直送NBA2K13夢幻對決有Lin份,蘋機會：台灣發佈直送NBA2K13 夢幻對決有Lin份 美國男子籃球隊喺倫奧以狂風掃落葉姿態攞走金牌，無敵程度令人諗起當年嘅「夢幻一隊」。所以《NBA2K13》就搵來足本「夢一」同今屆美國隊打番餐！除此之外，今次台灣發佈會更介紹咗加入唔少新元素嘅「My Career」模式，打波之餘，更要顧埋場外行為，夠晒真實投入！ 記者、攝影：韓繼聰 最強對最強　經典鬥當打 小記作為NBA粉絲，今次可以獲2K邀請到台灣參與最新《NBA2K13》發佈會當然興奮，在場除台灣記者外，亦有來自香港、韓國等媒體，場面熱鬧。新一集《NBA2K13》有唔少新元素加入，但最吸引又最有話題性，當然就係加入咗足本原班人馬「夢一」同今年嘅美國隊嚟個大對決！為咗成就呢個夢幻對決，2K不惜工本攞齊「夢一」球星如佐敦、柏賓、魔術手莊遜等肖像。邊隊勁啲？試玩之下都係覺得「夢一」較強，可能係老一輩情意結啩。另外，今集亦加入唔少其他經典球隊，例如「戰神」艾佛遜單天保至尊嘅76人，仲有「鬼見愁」莫寧嘅黃蜂等，老一輩球迷應該會玩得好興奮！ RPG元素導入　打拼事業高峯 老一輩玩經典隊興奮，新一代自己打入NBA亦夠過癮，以前嘅「My Player」模式最多都係畀你整樣貌、身形、能力等，打法其實無咩特別。嚟到今集就豐富得多，「My Career」模式中你可以由街波打起，等人賞識請你入隊，賺到錢可以買衫買慶祝、打氣動作，建立個人形象，買裝備提升能力，甚至買特殊技巧左右戰局。場內爭表現，場外更要識得同記者、教練互動，寸嘴啲分分鐘唔俾你出場兼唔同你續約，十足十玩RPG一樣，相當創新抵死！ JayZ參製滲音樂元素 《NBA2K13》仲有一大特色，就係著名HipHop歌手JayZ加入製作，令遊戲加入唔少音樂元素，好似過場動畫就加入咗JayZ 嘅MV，相當有型。不過更特別嘅係今集新加入嘅明星入樽賽，玩法恍如「結他機」一樣，要跟節奏㩒掣，㩒啱先可以成功入樽，非常新穎搞鬼！另一抵死位係Xbox版加入Kinect聲控，可隨時叫隊友上嚟幫手單擋走位，雖然現場無得試，但諗起都已經覺得吸引，十足打真波一樣。 《NBA2K13》 Xbox360 / PS3　10月5日開始發售
20120914-120,20120914,120,大陸通行正：創意過橋米線　自己動手撈,大陸通行正：創意過橋米線　自己動手撈 大陸A貨多，手袋假，衫抄人，零誠意無創作……不過又唔好一竹篙打一船人，去深圳南山華僑城創意園走番趟啦，每月都會舉辦市集，所有貨品都係檔主嘔心瀝血DIY之作，Shopping完再嘆碗正宗過橋米線，爽啦！文、攝：中行線 有心磨市集，創意園絕對滿足到你，抱住尋寶心態慢慢行，分分鐘行到兩三粒鐘，行到肚仔餓點算？放心，市集有間「央宗米綫」。門面古色古香，牌匾同發光招牌各一，門口塊黑板寫住是日推介，店內樓底好高，白水泥牆柱，天花板吊咗十幾把傳統油紙傘，木枱椅，古樸優雅，無豪裝，但整體感覺好舒服。鍾意欣賞師傅手藝嘅，可以坐吧枱。 食物方面，主打正宗雲南過橋米線，點正宗法？熱湯、配料同米線分開上，自己郁手或者搵侍應撈都得。我點咗碗試試，湯底熱騰騰滲出淡淡油香，將牛肉片、葱花、生菜同生雞蛋等配料一次過倒入大碗湯中，撈兩撈再倒入米線。米線好滑口，無吹水，真係滑到自動跣入喉嚨，好正。此外，傣味米線亦值得一試，傣族係雲南少數族裔，唔係度度有得食。天口㷫，怕熱嘅可以食凉米線，無湯，凍食，配料有炸毛豆、韭菜、番茄片同肉碎。櫃台有自助調味吧，有辣椒油、花椒油、傣味醬、酸菜，落幾多都得，任你調配獨一無二嘅口味。食飽記得Order番罐酸角汁飲吓，又係雲南直送，酸酸甜甜夠晒醒神，食飽再去市集血拼過啦！ 央宗米綫地址：深圳南山華僑城創意園北區A3-106電話：（86）755-8623 3299  唔想再行千篇一律嘅商場買人有我有嘅貨品，推介大家逛逛華僑城創意園，講明先，呢個係露天園地，無冷氣，要有心理準備行到汗流浹背。 園地每月第一個周六同周日都會舉辦「Loft創意市集」，喺路中心搭建一排排臨時有篷攤檔，一字排開好有氣勢。貨品全部係自家設計，T恤、首飾、手袋、記事簿、飾物同擺設乜都有，個個檔主都朝氣勃勃鬼咁好傾，搭吓訕，幾乎件件產品都有古講。好似賣首飾嘅阿Yam，讀完首飾設計畢業兩年，「我有正職嘅，但公司多數設計大路款式，最緊要個樣大方又名貴，講創意真係零。所以，我得閒就自製一啲小飾物擺檔賣囉。創意園真係一個俾人發揮創意嘅好平台。」可惜飾物唔啱我，行多兩步，搵到啲圖案Tee同斜揹袋就執咗三兩件，加加埋埋不過一百幾十，真係好抵！ LOFT創意市集地址：深圳南山華僑城創意園
20120914-121,20120914,121,蘋果樹下：轉椅背後 - 黃昱寧,蘋果樹下：轉椅背後 - 黃昱寧 不必去查什麼尼爾森索福瑞了，微博大概是目下最可靠的收視率晴雨表。那個周五我有飯局，回家一路刷微博，滿屏都在議論剛出街的新一期「中國好聲音」，喝彩的唏噓的砸場子的混合交響，不由人不身臨其境、耳熱心癢。一個早就有內幕和劇透爆出來的電視真人秀，播到十來集仍然可以吸引那麼多人深度入戲，光這一點在娛樂界裏就夠得上「現象級」事件的標準。 「中國好聲音」當然是「荷蘭好聲音」（The Voice）的合法翻版，但你對照着另一檔幾乎同期播出的真人秀「頂級廚房」（英國「地獄廚房」的中國版）看，後者的僵硬便足以凸顯出前者的柔韌來：抄什麼，怎麼抄，也是一件高下立判的事。 我大學裏念的是大眾傳播，畢業後改行，傳播本科給我留下的唯一「專業病」是：一看電視就忍不住數機位。「中國好聲音」只看了十分鐘，我就發現我把自己數暈了。於是上網去搜幕後花絮，製作方果然號稱機位有二十六個。這當然遠遠超過我當年在課堂上的認知，據說也超越國內絕大部分綜藝節目編導的認知─它約略可兌換成180:1的素材與成片之比，直接驗證了我在課堂上聽過的那個名句：「好片子都是剪出來的。」 如是，「中國好聲音」其實是進一步改變了我們對這類「疑似選秀」節目的審美倫理：戲劇效果是第一位的，衡量它的標準更接近於夢想劇場，而不是公平競賽（在奧運會本身都越來越像一個商業派對的今天，這也算大勢所趨）。多機位強剪接也好，三男一女事先被嚴格區分定位、重塑的評委（男一號顯然是庾澄慶）也好，真人秀追求的理想境界跟好萊塢故事片沒什麼兩樣，都希望你能被最讓感官舒適的起承轉合悄悄帶動，被某種仿佛天啟般的偶然擊中，實際上卻都落在精密的設計裏。所以，就好比吳宇森必須放鴿子希區柯克必須「蹂躪」金髮女郎那樣，「中國好聲音」也需要一個表面上好認、實際上能有效引爆人物關係的影像標誌。對，我是在說那把據說用八十萬引進、能拍能轉能噴氣的椅子。 據說，坊間流行的第二種觀看「中國好聲音」（尤其適用於屌絲）的方法是這樣的：端起評委的範兒，背對電視，聽到心神激蕩、實在按捺不住時直接站起身，轉過來（如果連板凳一起轉可能會弄壞地板），一個人在屋子裏仰天長嘯。我們沒有八十萬的椅子，我們可以忽略二十六台攝像機捕捉到的人物表情，可我們也許自認為比專家更無雜念，更接地氣更能分辨歌聲裏的故事和嘆息。轉身的瞬間，我們對耳朵從來沒有像此刻這般信任，我們恍惚於心底無私、手握公正的幻覺（那粗疏的、不盡合理的賽制難道不是從反面加固這種幻覺麼），我們被自己這個表演性十足的動作煽動起更富有詩意的情懷……好吧，也許這才是那個隱藏在轉椅背後的、具有巨大商業價值的「高概念」（high concept）─相比之下，是否成全了「三十二場演唱會」，是否真的為市場輸送一兩個尤物級明星，倒至多是副產品了。 來稿請電郵：mailto:appletree@appledaily.com 黃昱寧
20120914-122,20120914,122,一路走好 - 陶傑,一路走好 - 陶傑 「國民教育」風暴，民憤當前，梁班子退縮，不再全港硬推了，也撤銷了三年實施限期，由學校自己決定。反「國教」大聯盟，要迫梁振英全港撤回，梁振英恨恨說：請想想「撤回」是什麼意思，有的學校，有推行「國民教育」的意願，全都撤回，辦不到。梁振英沒說錯。特區政府是「官立學校」的直接老闆，英皇、皇仁、庇理羅士、伊利沙伯等中學，都是官校，你沒理由不讓梁班子下令推，連這點權力都沒有，梁振英這個特首，當來做什麼？特別是梁特的母校英皇。英皇書院的舊生會，當日是支持梁振英上台的基本盤，梁先生競選時，呼籲要Change，他的校友站在兩旁，熱情響應支持。梁振英沒有辜負英皇舊生會所望，現在，他真的Change了，很奇怪，舊生會卻強烈反對。這一點，最為荒謬，英皇舊生應該幫梁特首在母校推國教才對。香港的學校，從此有國民教育的一類，也有拒絕國民教育的一類，把自由選擇權交給家長，就十分好。就像一九四九年，中國大陸的知識份子，有跟着蔣先生的國府去台灣的一類，像胡適、傅斯年、于右任、張大千；也有拒絕去台灣，留在大陸擁護毛主席建設新中國的，像巴金、冰心、朱自清、吳媁、陳寅恪。蔣先生的國民政府，沒有用鎗迫着巴金、冰心等一定要上飛機去台灣。讓香港的教育，像一九四六年的歐洲，分裂為兩個陣營，一邊是東柏林、保加利亞、捷克、波蘭，跟從蘇聯；另一邊是意大利、法國、西班牙、荷蘭，站美國一邊。當年的歐洲，人民沒得挑選，是邱吉爾跟史達林私下分割的，今天的「國民教育」，容許家長自己挑，如果你喜歡，可以去東柏林，正如當天上海許多知識份子喜歡去延安，去好了，沒有人攔阻你。今天也一樣，讓英皇、皇仁、庇理羅士，跟漢華、香島、旺角勞校一樣吧，只要有得選擇。反國教的人，不要太霸道，嶺南和庇理羅士都想愛國，像當年的年輕人去延安？去好了，真的，沒騙你，那邊很好，想去早點動身，不要回頭，一路走好。
20120914-123,20120914,123,拿人的手軟？ - 李碧華,拿人的手軟？ - 李碧華 曾效力三個政黨的變色龍，選舉落敗，在一片歡呼聲和網民惡搞潮中，散發最後吸睛「光芒」。大夥不同情數度變臉的政客，政黨何嘗不因為他的搖擺而有戒心？說是計錯數配錯票過度傾斜，或者人家故意棄保呢？人心叵測，上意更難捉摸。認命與否，也得認輸。而那些蒙「完美策略」配票得議席者，其實也因唔夠班、支持度低、選情嚴峻、墮馬邊緣，背後的操控者才發功，扭曲補救，誠選舉制度之恥。忽然高票或愕然入圍的，甚至奇蹟稱后的，票數有凸，其實好核突，大家心知肚明，虛幻數字終究並非個人實力、民望、功績，而是憑組織票、配票、過票、搶票、種票所得，甚至從懵懂的公公婆婆（還選完即棄投票後自生自滅）、智障、殘障等人士手中哄騙而來。「公道自在人心」不管用。一個正常人，若靠人事關係男女關係親戚關係洗腦關係上位，也略擔心人家瞧不起，正所謂「吃人的嘴軟，拿人的手軟」，但人（票）的會不會有點羞慚？對政客而言，過咗海便是神仙，這方面比較厚顏。
20120914-124,20120914,124,行政立法僵局 - 左丁山,行政立法僵局 - 左丁山 民主黨雖然在立法會直選失利，導致黨主席何俊仁含淚辭職，但分裂嘅民主派仍然有18個直選議席，再加3個超級區議會議席（雖為功能組別，實與直選無異），加上在功能組別方面，莫乃光力退譚偉豪（資訊科技界），郭榮鏗擊敗王桂壎（法律界），梁繼昌贏咗林智遠（會計界），加上社福界張國柱，教育界葉建源，衞生服務界李國麟，一共有六個功能組別席位，於是泛民在立法會加加埋埋一共有27席，超過七十席之38%，令全體點票方面，建制派不能有三分二大多數，難以夾硬通過一啲有極大爭議性議案。泛民仍有18席，佔直選議席之51.4%，恰好佔過半數，政府亦冇法子夾硬嚟。一位高人對左丁山講：「民建聯雖有配票神功，獲得大勝，但仍然打破唔到僵局，西環唔會太過開心，況且民建聯與工聯會在競選時有互相配票，亦有互相搶票，搞到陳婉嫻由大熱門票后變成第四名，票數輸埋俾民建聯李慧琼，背後黑口黑面，而王國興只能險勝，新東葉偉明墮馬，民建聯與工聯會開始有政治心病咯。睇怕今日選舉之後，北京會向西環問責，西環出盡九牛二虎之力，加上配票神功絕技，仍然未竟全功搶得直選過半，總體過三分二嘅目標，要檢討咯。」今次資深議員落選者有余若薇、陳淑莊、張文光、李永達、黃成智、葉偉明、劉健儀、劉江華，退選嘅有李華明，還有功能組別嘅詹培忠、李國寶、吳靄儀、陳茂波、霍震霆等共十八人，再加新人葛珮帆、陳志全、張超雄、范國威、梁志祥、陳恒鑌、麥美娟、郭家麒、胡志偉等新人，立法會可說大換班，磨合需時，恐怕立法會復會後頭六個月行事不暢順，啲高官有排頭痛。梁振英新班子面對新人咁多嘅立法會，激進派更多嘅立法會，好難有運行咯，故此左丁山敢大膽預測，未來一年香港特區政府難有作為，冀望政府帶領經濟走上新方向者，一定失望。（按：一位讀者Q來電郵話有人在票站收到三張選票，是何原因？左丁山眼見票站內投票選民只收到兩張選票，恐怕讀者Q所見，乃係票站職員搞錯而已，應該別無原因。）
20120914-125,20120914,125,歷史教訓 - 梁文道,歷史教訓 - 梁文道 讀史叫人心痛。許多災難原來可以避免，但當事人的錯誤決策，往往把事情帶到不可回頭的終局。例如納粹德國的興起，這絕對是人類史上的浩劫，後人當然要分析其來龍去脈，甚至追問責任。其中一種相當流行的說法，是把罪責放在當時德國兩大左翼政黨身上；假如它們能夠合作，並且一開始就把納粹當成最大對手的話，後果也許就不會如此不堪了。 就連終身留在英國共產黨的史學大師霍布斯邦（Eric Hobsbawm），也都在他那部精彩的回憶錄裏慨嘆，那時候德國共產黨忙着搞路線鬥爭，堅持要先鬥垮同為左翼但是取向比較溫和的社會民主黨，好爭取「真正」的民主與真正的共產社會。到了最後，又輪到社會民主黨不願支持共產黨發起的大罷工。結果兩敗俱傷，給了極右納粹坐大的空間。然而，這似乎又是一切「進步」力量的共同特徵，總是要在和最大的對手決戰之前，先行清理自家門戶，分辨誰才是真正「進步」的代表。幾乎每一次，贏家都是坐山觀虎鬥的敵方。 立法會選舉結束，大家都說泛民主派「配票」失敗。其實這只是好聽的說法而已，或者它真正的意思是泛民內鬥激烈，平日把選票浪費給了組織遠為嚴密的對家。例如人民力量的黃洋達（當然，我們現在才知道原來他不是人民力量的成員），硬碰社民連的陶君行，於是謝偉俊便收到一份天降大禮了。 然而，既然稱得上是「泛民主派」，他們又怎麼可能配票成功呢？既然民主，又怎能乖乖服從一個大佬的指揮調度？又怎能不允許各家爭鳴，不容讓各種路綫的存在甚至競逐。所以，你讓泛民主派在這樣的選舉制度底下再選一百次，結果恐怕也不會差得太遠。因為配票根本違反了他們的本性。 同樣地，起當年德共與社民黨人於地下，叫他們重演歷史，演出來的戲或者也不會太不一樣。我看當時德共領袖的演說，站穩原則，句句在理。他怎麼可能犧牲道德上的原理，去策略性地和他們心目中的「假左派」合作呢？ 何時堅定？何時妥協？這是歷史給不了的教訓。
20120914-126,20120914,126,續集... - 尊子,續集... - 尊子
20120914-127,20120914,127,蠢人辦壞事 - 李純恩,蠢人辦壞事 - 李純恩 大陸網友問我怎樣看香港的「國民教育」風波的發生，我說是因為「蠢人當道，壞品味當道」。壞心辦壞事，再由蠢人來執行，就是這次「國民教育」事件的開始，結果蠢人做壞事，壞事沒有做成功，至有梁振英保證五年任期之內不推行「國民教育」獨立成課的狼狽下場。前兩天電視台訪問廣州一位漫畫家，畫家的創作特點，就是一畫到領導幹部，就把他們的頭畫得特別小，他解釋說，許多領導幹部真的很蠢，把他們的頭畫大了，就太抬舉他們了。這一點，香港的漫畫家也可以參考，香港特區政府裏不少領導幹部，他們的頭也應該很小。下次落筆的時候，就要拿揑分寸，不要錯手抬舉了他們。香港的「國民教育」還為大家展示了一次「壞品味」，不一定每個反對「國民教育」的人都能體會這個詞的意思，但你是不是覺得「國教」很不對頭？你的孩子如果真的在「國教課」的「情感評估」中得了好成績，你會覺得孩子不像樣，很難看？這就對了，這就說明你明好歹，知美醜。這就是品味。
20120914-128,20120914,128,可樂溝咖啡 - 邁克,可樂溝咖啡 - 邁克 柏林KaDeWe百貨六樓的食物部，仍然教人留連忘返，來自世界各地的美食濟濟一堂，東聞聞西摸摸，要定力十分強才能抗拒誘惑，不費分文全身而退。我們這些拿着一件手提行李走天涯的單幫客，自從九一一後航空公司嚴禁攜帶超過一百毫升液體登機，旅行購物的範圍縮小了一點點，勉強也算因禍得福，起碼當不怕面懵的劉伶提出順便帶樽酒作手信的無理要求時，說不的聲音理直氣壯。對酒精我缺乏興趣，但喜歡研究有汽飲料，每到一處都盡量發掘當地特產，萍水相逢偶遇佳麗當然即席解決，不存運回家鄉同偕到老的妄想。這次一着陸就見到號稱有機的汽水Bionade，味道眾多試了石榴，不特別過電，反而在超巿發現舊相識Fritz-Kola麾下原來有一款可樂溝咖啡，令我當堂失控尖叫：數年前可口可樂推出類似配方的Blak，不知道為什麼過了一陣就停產，被撩起鋪癮的君子痛不欲生，想不到陌地忽然邂逅餅印，一拍即合擦出火花。出了美國領土，可樂的商標註冊權好像山高皇帝遠，誰炮製墨色半透明冒泡飲品都可以掛個大同小異的招牌，大搖大擺搶生意。那時在盧倫朵夫的半同志聚集地貝里奧咖啡館打躉，常喝一種Afri Kola，顧名思義是山寨貨，玻璃瓶子非常漂亮，微帶裝飾藝術風，可想並非昨天誕生的，至於怎麼和「非洲」搭上關係則實在考起。德國許多清水和礦泉水的包裝都很考究，教人愛不釋手，可惜玻璃太過重身，兼且一不小心就會打爛，擺在旅館案頭欣賞一輪，沒有勇氣帶上飛機。
20120914-129,20120914,129,劉江華被「白」票 - 陳也,劉江華被「白」票 - 陳也 四年一度，馬後炮不是學者專利，齊來做馬後炮觀察員：a借劉江華金句「香港要贏」套落民主黨頭上，「人民力量要贏，民主黨就要輸！」b民主黨新界西全軍盡墨，西環勢力，直通西隧，快過港鐵。c人民力量打殘民主黨，「殘民力量」勁。d人民力量不是無有怕的，剋星是西環契弟契女。e夫妻檔，箍煲容易箍票難。f姐妹淘好打得、好喊得，照輸凸。g好打得的女人，排在男人身後做吸票阿二，唔知係乜模式。h大佬們，係時候退啦！i劉江華，知道白姐姐「白票」厲害未！j建制派總動員惡搞，向港大民調人員報流料。鍾庭耀真告急！k擲多一隻蕉，敵不過43份蛇齋餅糭。l選民渴求新臉孔，老餅不拉布，考慮拉皮。m所謂的民主女神倒下，王丹的催票能力，遠遜林丹。
20120914-130,20120914,130,有口難言 - 區樂民,有口難言 - 區樂民 老婆婆九十二歲，坐輪椅，多病，由兒子陪同。她對我說，除了腦袋，所有器官都失靈。過去一年，她的記憶力其實也減退了，只是不自覺。老婆婆有兩個孩子，兒子環境欠佳，獨居公共屋邨的小單元，女兒做生意，住山頂。「所有生活費，都是女兒支付。」老婆婆當着兒子面前說。「對呀！」兒子補充：「阿妹很孝順你。」看來兩兄妹感情要好，做哥哥的並不介意母親的話。「你的兒子也孝順， 」我微笑道：「每次都陪你來診所。」老婆婆不作聲。過了兩周，老婆婆病情轉壞，入住私家醫院。我不是主診醫生，但每隔幾天，便去看她一次。老婆婆對女兒說：「私家醫院收費高昂，不如把我送到公立醫院吧。你已為我花了太多錢。」「這次是哥哥付錢， 」女兒哄老婆婆：「他中了六合彩二獎。」「是嗎？」老婆婆喜道。又過了兩周，老婆婆出院，一對子女來接她。老婆婆對女兒說：「還是你對我好。」「哥哥也很好，他為你結帳。」女兒提醒母親。「不要說了， 」老婆婆氣道：「他十分吝嗇，中了六合彩，也不肯分一點給我去飲茶。」兩兄妹不懂如何反應。
20120914-131,20120914,131,有時候要腦殘一下 - 林夕,有時候要腦殘一下 - 林夕 前天從機場回家途中，就決定要找一點可以發洩獸性的娛樂。九月九拖着疲倦的身軀投完票，即飛臺灣，先談了點公事，然後已經十點半，快要開票了。對着電腦，等等等，這樣等下去不是辦法，明天九點半就要出發去工作地點，一直無間地幹活到晚上。本來要知道結果，睡個好覺再看就行了，但我卻心不由己地要第一時間看，看到泛民票多議席少，看到新界西三隊民建聯把票倉共產後整齊當選，看到預期中的失望讓我更失落，看到紅紅的太陽照常升起。為了不會在工作現場垮下來，我故意讓超級區議會選舉結果留個懸念，就像用一道未到口的甜點來撐着疲憊的身心。其間不上網不聞不問，回到酒店，沐浴更衣後就差焚香，才靜觀另一個預期的結果。那道甜點沒錯過果然是香港贏了劉江華輸了。對，高人們的評論可能都對，這苦茶中的一點糖也許是西環調配出來的，三姓家奴或已成棄電池，甚至有更高人說在這超級議席中要給入密室談判者一點小甜頭，以鼓勵後來者，殺一誘百。對，走了個劉江華，還有千千萬萬個江華流華，人家只是在交班。以賣相而言，民建聯中罕見地人模人樣的李慧琼，在誘拐那些所謂中間選民，不問世事的閒民，更有一手。不過，情緒需要發洩，有時候腦殘一下有益身心。就讓理智與懷疑的精力，用來監察退而不撤、化整為零的國教吧。在細節中尋找魔鬼之路漫漫。慢慢來，比較快要做的是，先開一瓶香檳，賀一賀香港好像贏了，明知這只是自慰，會有人在偷笑我們是如何膚淺幼稚。所以，我的娛樂節目不是去看低俗喜劇，而是情不自禁不講禮義無恥地觀賞網民惡搞劉江華，熱烈地彈琴熱烈地循環慶賀，聊以自慰。
20120914-132,20120914,132,化療和布緯共存 - 嚴浩,化療和布緯共存 - 嚴浩 化療和布緯食療可不可以同時並用？以下是一封來信，是實戰後的經驗分享。2012年7月8日──讀者Griffin Tong來信：「我有朋友的爸爸不幸患了胃癌，經過手術及化療後，身體恢復得較慢，定期檢查時發現有懷疑擴散至骨的跡象。於是我介紹了布緯食療給朋友爸爸，起初一星期服用基本份量，（即每次2湯匙油，配4湯匙茅屋芝士，一天兩次），在身體適應了逐漸加大至最高份量（即一天中服用共6-8湯匙油，12-16湯匙茅屋芝士），在連續不斷的服用一個月後，再次前往醫院檢查，醫生發現懷疑擴散的黑陰影完全消失了。至今仍不斷服用已四個多月。多虧發現布緯食療的報導，謝謝你嚴先生。」兩個月後，我再進一步跟進。9月9日──「您好！您朋友的父親還在服用布緯食療嗎？癌症控制住了嗎？」同日，Griffin Tong先生回信。「謝謝你的關心。我朋友的爸爸剛於上月再次檢查，完全處於控制水平沒有任何復發的跡象。布緯食療依然進行當中，但茅屋芝士經常性缺貨需要不同地區的朋友協助尋找。」答：「可以暫時在超市買非有機的。要找低脂的。」非常感謝Griffin Tong先生的分享，幫助很多癌症病人找到了希望。布緯博士不提倡化療，因為布緯食療已經可以有效控制癌細胞，但布緯食療並不會影響化療，以上的案例，在世界範圍內，服用布緯食療的案例中，比比皆是。
20120914-133,20120914,133,別搞我的孩子！ - 高慧然,別搞我的孩子！ - 高慧然 本港某出版社小學二年級教材有以下內容：「我」在升旗禮上有甚麼感受？─「我」覺得很快樂和溫暖。─「我」覺得很沉悶和失望。─「我」覺得很興奮和刺激。還有小組交談：小孩子「回到爸媽的懷抱」時會有甚麼感受？跟「回歸」有甚麼關係？你也看過升旗禮嗎？按照提示說一說，請同學評一評。這種教材，不但扼殺獨立思考，而且扼殺獨立情感。扼殺完了還不夠，還要同學之間「評一評」。七歲孩子互評會造成甚麼後果？毋需猜測，某國早在半個世紀前已作出示範。現在，魔爪直達本港孩子，怎不令人震怒!?國民教育可怕之處在於，它把當權者的喜好、判斷強加到每一個獨立的個體的人身上，把所有的人都變成工具人。撒謊教育使整個國家誠信崩潰，政府滿口謊言，屁民習以為常。國民教育是對文明的摧毀，是從下一代開始毀滅香港。所以，學民思潮雖從公民廣場撤出去了，民間及政黨仍須持續向政府施壓，要求撤回國民教育科及任何形式的國民滲透教育。涂謹申接受訪問時說我含淚投票給他，這不正確，我投給他還是投得蠻愉快蠻有信心的，在維護本土利益去大陸化問題上，涂謹申向來有自己的立場，他提出修改《基本法》解決雙非問題，反國民教育大遊行，更是示威者的一員。涂生，希望你不負三十多萬選民所託，捍衛香港權益！
20120914-134,20120914,134,根據傳說 - 古德明,"根據傳說 - 古德明 問：Legend tells that villagers fleeing to Tatev were blocked by the raving river（根據傳說，逃往塔特夫的村民，被洶湧的河水擋住去路）這一句，legend tells that三字文法正不正確？答：Tell解作「告訴」，其後常用「間接受詞（indirect object）＋that子句（clause）」，很少只用that子句而不用間接受詞。所以，朗文詞典Longman Dictionary of Common Errors認為，以下一句，沒有them字，就是錯誤的：He told（them）that he hadn't eaten anything for over a week（他告訴他們說，有個多星期沒吃過東西了）。讀者示下那一句，tell之後沒有間接受詞，難怪他覺得奇怪。但tell之後，只用that子句，作直接受詞（direct object），文法上並沒有錯。一九零三年出版的神怪百科全書Encyclopaedia of Superstitions, Folklore, and the Occult Sciences of the World第十六章就有以下句子：German folklore tells that the man in the moon was a mortal（根據德國民間傳說，月亮中那個人是個凡人）。當然，tell之後直接子句的寫法，並不常見，一般宜避免使用。Legend tells that villagers fleeing to Tatev這一句，改用另一說法也可以：Legend has it that villagers fleeing...。Have it有「說」的意思，例如：（1）Rumour has it that he is in hospital（有傳言說，他進了醫院）。（2）I have it from reliable sources that he is ill（據可靠消息說，他病了）。讀者詢問有關英語問題：mailto:appledailykoo@gmail.com或傳真：2742 0542"
20120914-135,20120914,135,私駕路：德國實試豪跑S7　拉闊戰線,"私駕路：德國實試豪跑S7　拉闊戰線 有留意開奧迪汽車動向的車迷，都知道全新S7不單止是建基於A7發展出來，並且採用與S6完全一樣的動力核心，那大家可能會問：S7還有存在價值嗎？今次筆者正是抱着這樣的疑問，去到德國與首次正式露面的S7，相處了一個下午。找到答案嗎？當然有吧！ 記者、攝影：黃志祥 鳴謝：合迪汽車 裝潢更高格調 其實不只是我，上周全新S6報道一出，不少車迷也提出類似的問題，究竟S5、S6及S7有甚麼分別？的確，從車形上觀察，近年奧迪汽車的設計越趨一體化，不同市場定位的型號設計越見接近。不過，汽車是一門很個人化的產品，每位車主對同一部車的要求始終有些微差別，而近年Audi就是藉着不同的作品進行微調，以迎合大家細緻的口味。簡單舉例，S6以房跑格調的外形吸引一眾年輕車迷，但對於較為成熟穩重的男士，或會覺得S6感覺太Young，不太切合身份與個人形象；而S7的外形雖與S6相近，同樣都是家族式鬼面罩、勾形LED日間輔助燈、擾流器等，但車廂空間與特長的車尾設計，由後輪至車尾達到1,123mm長，添上幾分高級豪華房車格調，並且提供535至1,390升（收摺後排座椅）尾箱空間，再透過S Line包圍粉飾，打造豪華級別的Sports Car，將旗下款式的戰線拉得更闊，實行將對手重重包圍。 除了外形，車廂的裝潢也比S6更高規格，例如今次發佈會強調中控台飾板的物料，採用鋁金屬和木高壓製成，然後再一片一片地裁切出來，覆蓋在中控台、車門之上，散發與別不同的貴氣。當然，還有一系列為S7而設的粉飾裝備，如門邊腳踏、印有S7字樣的S Line半桶形真皮運動座椅，一一都為它錦上添花。 油耗9.6L/100km 講到性能，S7就不像A7有2.8公升FSI及3公升TFSI兩款的動力選擇，跟S6一樣只提供4公升V8 TFSI引擎，配合七前速S tronic自動波箱。近年世界鼓吹節能環保，慳油必然是着手之處，雖然馬力與扭力輸出完全一樣，輸出420匹馬力及550Nm扭力，但嶄新的汽缸管理系統（Cylinder-on-demand），在引擎低負荷時，於960至3,500轉間及三波或以上開始，將其中四個汽缸停止運作，從而達到省油的效果，要知道四百幾匹的跑車綜合油耗只是9.6L/100km，即是大約$1.66一公里，與兩蚊心理關口還有一大段距離，完全凸顯全新一代S Line性能與節能兼備的兩極化表現。 Audi S7 Sportback4.0 TFSI quattro  引擎：3,993cc V8 TFSI 馬力：420hp/5,500-6,400rpm 扭力：550Nm/1,400-5,200rpm 傳動：七前速S tronic自動，四驅 售價：待定 查詢：2528 1862（合迪汽車）"
20120914-136,20120914,136,沉香　尋香之港,沉香　尋香之港 與其新增國民教育科，倒不如先從本土歷史開始。香港之所以得其名，乃由於早期以轉運香樹而得。別以為沉香價值連城只供觀賞，當中也有較平價的土沉香，其葉、木屑、花皆能冲茶入饌，其香氣清幽獨特，在入秋處暑之際，以沉香補五臟，安定神閒。 記者及示範：陳芷慧 攝影：蔡家輝、楊錦文 「沉香」港之根 原來沉香跟香港是息息相關的，據1948年出版的《香港百年史》記載，香港乃香的港口，以運送香木出口至廣州、江蘇一帶而著名。信林沉香園的陳先生，其祖父就是售賣沉香樹維生。「還記得小時候被祖父捉上山就害怕了，哪個小孩喜歡到山上砍樹呢？」陳先生憶述。不過，陳生和爸爸並沒有繼續家族賣香樹的生意，反而到了蘇格蘭的餐館工作。或許香港人就是缺乏一份保育文化的意識，多年來政府也沒有對沉香樹進行保育工作。陳先生即回應：「我就是知道沉香樹在香港逐漸消失，於是回來種植沉香，希望更多香港人認識自己的根。」 土沉香宜養生 到沉香園採訪時，有一個有趣的經歷。在打鼓嶺昇平村穿過小路，便到了盡頭，初時看見前面像一片荒地，怎也不能相信自己已到了沉香園。我腦裏即浮現一個問號：「聽說沉香樹價值連城，怎麼連門口和一隻狗也沒有呢？早前不是被盜竊嗎？」陳先生笑說：「這裏種的是土沉香，不是最罕有、最值錢的品種，但最適合用來冲茶養生之用。我種了一萬多棵沉香。至於價值連城的奇楠沉香，當然不會在這裏，那些都是祖父給我們最珍貴的遺物，謝絕參觀。」沉香園中的沉香樹都是陳生從山上移植到園中種植。種植沉香不難，最難莫過於等待它們成長，一般都要十年才能「長大成材」，鑽洞製造傷口，讓樹汁的異化物結出沉香，再待五、六年左右讓其癒合，才能砍伐下來取出沉香。所以，陳生對每一棵樹的傷口都記在心上，充滿感情。 蘆笋肉丸棒配沉香柑橘醬 《南方草木狀》提及沉香「其葉如橘」，因此用沉香葉配搭柑橘醬和橙汁做成醬汁，味道清幽，微酸的柑橘香氣可帶出沉香的味道。 材料： 肉丸5粒、蘆笋5條 淋醬：乾葱（切片）3湯匙、白酒50毫升、清雞湯80毫升、沉香葉2片、橙汁50毫升、柑橘醬10克、糖/鹽/生粉芡水各適量 做法： 1.煲滾鹽水，加入蘆笋汆水，盛起，備用。 2. 燒熱鑊下油，下肉丸煎至金黃色，盛起，放，插上蘆笋做成棒，上碟，備用。 3.做淋醬，燒熱鑊下油，爆香乾葱、白酒、雞湯、沉香葉略煮，開大火煮沸，轉細火煮至餘下一半水份。 4.取走沉香葉，加入柑橘醬，下糖、鹽調味，埋生粉芡，盛起，淋上肉丸，完成。 沉香百合茶泡飯伴鯖魚 沉香茶散發出陣陣獨特而清甜的木香，入口回甘，用來做茶泡飯別具特色。為免喧賓奪主，宜配搭味道清淡的百合、蓮藕和鮮菇，加醬油炒香已可提鮮，配搭鯖魚，使味道不至於單調。 材料： 沉香木屑10克、沸水600毫升、百合20克、鮮菇（切片）2個、蓮藕（切片）2片、味醂10毫升、糖/鹽各適量、醬油1茶匙、鯖魚1條 做法： 1.沉香片放入沸水中冲成茶，備用。 2.燒熱鑊下油，下百合、鮮菇、蓮藕片炒香，下味醂、糖、醬油炒勻，盛起，備用。 3.原鑊下鯖魚煎至兩面金黃色，下鹽，盛起，備用。 4.碗中盛飯，上放（2），倒入適量的茶，鯖魚另上碟伴吃。 貼士：沉香冲好茶後要取走木屑，否則會產生澀味。 沉香果凍伴冷麪 清香的木香，加入味醂、木魚絲等材料做成果凍作為冷麪醬汁，效果更突出，配搭鱆紅魚刺身，淡淡的鮮味不同三文魚的油香霸道，不會搶去沉香的風采。 材料： 沉香片茶600毫升、醬油2茶匙、味醂10毫升、木魚絲/蟹子少許、魚膠粉8克、熱水15毫升、茶麪1個、鱆紅魚刺身3片、白芝麻/鹽/糖各適量 做法： 1.魚膠粉放入熱水中拌溶，加入沉香片茶中，下味醂、木魚絲、糖、醬油拌勻，放凉，放入雪櫃冷藏1小時至凝固，備用。 2.煲滾水，下少許油和茶麪煮3分鐘，加鹽拌勻，盛起，瀝乾水，備用。 3.取出（1），切大件，放上碗，放上（2），排上鱆紅魚刺身、蟹子，撒上芝麻即成。 沉香產生過程 《先鑽洞．待癒合》 樹上一個個洞是為了製造傷口，當它被黴菌感染而造成周圍組織生病潰爛，樹汁便開始異化為黑色塊狀，形成所謂「結香」，大約六年便完全癒合，形成沉香。 《砍伐．雕刻》 陳先生每天的工作就是將砍伐下來的沉香木，順其紋理雕成工藝品，而木碎則用來冲茶了。 沉香藥用價值 沉香的藥用最早始見于梁朝陶弘景《名醫別錄》，更被列為「上品」。在八世紀，印度亦有沉香入藥的記載。 沉香木屑　$5/克 沉香木碎片可當作茶葉冲茶飲用。沉香辛、苦、溫，能調節人體內氣的運行，取5克份量冲500毫升茶，能補肝腎。 花（非賣品） 沉香在三至四月開花，曬乾後味道略澀，可清熱解毒。陳先生說：「沉香片燥熱，喝完沉香茶後都會喝一杯花茶清熱。但沉香花產量少，是非賣品。」 葉　$5/克 新鮮的沉香葉屬凉性，味道清香之餘略辛辣，可當作香草入饌調味，但份量宜少。把葉曬乾後經文火煮數小時成茶，味道清香。 沉香蜂酒 $500（2006年始浸）/約850毫升 酒內數十隻巨型的蜂，乃是毒蜂。陳先生說：「這些不能養，我一年至少被刺百多次以上。」 信林沉香園（6713 5509）新界打鼓嶺昇平村（雲泉仙館停車場側）
20120914-137,20120914,137,星座 - 芬妮,星座 - 芬妮 處女座　23/8-22/9 說話時口齒不清，重要的事最好不要今日發表意見，免生誤會。 天秤座　23/9-23/10 外出公幹或旅遊的機會增加，如此大好機會你竟想放棄。 天蠍座　24/10-22/11 今天容易不慎弄丟財物，上下車時要留意自己手機銀包。 人馬座　23/11-21/12 是時候反省親切和曖昧的分別，不要給別人花心的形象。 山羊座　22/12-19/1 注意職業安全，搬運重物姿勢要正確，必要時應尋求協助。 水瓶座　20/1-18/2 當財與才都沒有的時候，就更應定下目標，努力向上爬。 雙魚座　19/2-20/3 上司的指示不夠清晰模稜兩可，只好猜測他的心意，盡力而為。 白羊座　21/3-19/4 睡不着不妨瀏覽網站，說不定可以知道心儀對象的喜好。 金牛座　20/4-20/5 下決定只消一分鐘，之後要付出的承擔卻不是你可承受。 雙子座　21/5-21/6 與友人關係欠和諧，皆因價值觀有差異，感情難有進展。 巨蟹座　22/6-22/7 情人雖不是個花心的人，但身邊誘惑太多，令你擔心起來。 獅子座　23/7-22/8 閒時多做運動，流點汗水，不僅可以健身，也是一種樂趣。
20120914-138,20120914,138,生肖 - 楊志紅,生肖 - 楊志紅 龍 無限的創意，使你的工作生色不少，得到同事及上司好評。 蛇 向別人送上好意關心卻遭冷待，宜做識時務者，免惹人誤會。 馬 聽女性長者一番話，很快悟到解決問題的切入點，淡定勝出。 羊 營役過後宜善待自己；別忘百行以孝為先，應多陪伴家中長者。 猴 是日冲煞諸事不利，吃力不討好的乾脆留力吧，別難為自己了。 雞 不要自視過高，傲慢囂張的處事態度只會自討苦吃，何必呢？ 狗 固執己見於你不利，做人其實回頭並不難，難在懂得放棄。 豬 是日遇問題有六合貴人相助，更或會與此人有機會發展。 鼠 聰明才智未必能取勝，天時地利人和的配合才是成功關鍵。 牛 朋友、兄弟的問題，能用錢解決就當破財消災，宜速戰速決。 虎 憑實力和鬥志，掙脫壓抑出位，你不爭取捍衞自己，誰幫你？ 兔 小草不會怕強風吹，人要堅強也要學懂彎腰，才會讓自己好過。
20120914-139,20120914,139,童樂日：不怕痛不怕跌　冰場溜出自信,童樂日：不怕痛不怕跌　冰場溜出自信 《溜出冠軍》 有傳國內某體操冠軍的虎爸（內地用語，即怪獸家長之意），為15個月大女兒制訂20年奪金計劃，強將個人意願投放女兒身上。幸好這裏是香港，父母怪獸極都不會蔑視兒女感受，得悉女兒愛溜冰，才培訓她們成為亞洲最年輕的溜冰選手。 記者：蘇麗珊 攝影：潘志恆 開放自己與人溝通 三歲豆丁Ariel比較少言，一笑就矇起雙眼，樣子精緻得像個洋娃娃，好討人歡喜，她是全亞洲最年輕的溜冰選手，學了三個多月溜冰的她，早前於馬來西亞舉行的2012亞洲花式溜冰賽，憑優美正統的前後溜步姿，奪得Tot1級別冠軍。 本身是ISI（Ice Skating Institute）註冊溜冰教練、在冰上皇宮溜冰學校任教17年的爸爸Alex說：「我常帶她到溜冰場玩，她兩歲半時，知道她喜歡溜冰，我才正式替她找教練學溜冰。」溜冰可訓練小朋友音樂節奏感，加上Ariel本身有舞蹈底子，邊跳舞邊溜冰，兩者有良好的互動影響。「如比賽前，我為她編Program，她聽三次音樂便知道怎樣做。」小女兒吸收力強，但幾強也免不了碰上意外，「試過有次她跌倒，嚷着說很痛很痛，痛得驚了，不敢再溜冰，但過一陣子，她看到其他人溜冰，又忍不住重投溜冰懷抱。」全程Alex沒勉強她，一切由女兒自主。 不怕跌碰，或許與Ariel性格有關，在Alex眼中，她是個既獨立又懂事的好女兒，「她第一次上Playgroup也不會哭，很獨立的。」學溜冰後，她最大改變是開放自己，肯與人溝通，「溜冰可以讓人欣賞，這樣能建立自信心，她整個人也開朗了不少。」溜冰還可提升小朋友的肢體協調，「之後希望她學習體操，嘗試多點可加強肢體協調性的訓練。」現在，兩父女閒時總愛在溜冰場玩樂，溜冰成為二人最好的親子活動，Alex：「平時她最喜歡看溜冰比賽，自己開電腦，Click入YouTube看個夠本，但這就不要預我了。」 怕醜妹變熱情 另一邊廂，五歲的Cherry學溜冰差不多兩年，是全港最年輕的Freestyle3溜冰選手，曾在2012亞洲花式溜冰賽奪得Freestyle3級別冠軍。陳爸爸說：「她三歲多開始學溜冰，發現她比其他小朋友易上手，只花一個月便學懂平衡。」半年後，教練鼓勵她參賽，「第一次到泰國參加比賽，她已得到五個冠軍。」冠軍是最好原動力，自此她對溜冰更上心，比之前進步得更快。「她每日都嚷着要到溜冰埸，有時每日練一至兩小時，不落場也在旁看別人溜冰，看得很入神。」Cherry媽媽道：「她這個小小年紀，已明白練習才有成果、努力才有回報。」她很好動，也很有自信，拍攝時要求她單腳轉圈，她連續轉了十多圈依然笑得燦爛。 只要喜歡，只要全情投入，任何良好的課外活動都可改變性格，陳媽媽說女兒原本很害羞，而且慢熱，學溜冰後認識多了不同的人，眼界也變得闊了，昔日的怕醜妹現在已變成多說話的熱情小女孩。學年幾溜冰，不曾受過傷？陳爸爸說：「有次她跳起，一落地就跌在冰上，痛得當場哭起來。」哭過後，她很快就爬起身繼續練習，在場所見，Cherry也偶爾跌倒，但沒叫苦沒嚎哭，只悠然地站起來，在旁的家長也見慣不怪，沒刻意慰問，沒為女兒心痛，或許，這就是不做港孩不做怪獸家長的實證。 最後，問Ariel及Cherry的家長對女兒有何期望，兩人異口同聲說：「我們不會Push她學溜冰，只要她喜歡便行，到有天她不愛溜冰了，也不會逼她繼續學。」兩位孩子有望脫離港孩行列，全拜懂事理的家長所賜，確實可喜。 太古城中心冰上皇宮溜冰學校（2844 8633） 地址：太古城中心1樓 對象：3-6歲兒童 初學團體班收費：平日$575，周末及假期$700 內容：每班4至10人，共五堂，每堂30分鐘 做熱身 學停步 前後溜 學跪起 兒童裝備 小朋友學溜冰易跌倒，所以對初學者而言，基本安全裝備少不了。 太古城中心冰上皇宮溜冰用品店（2844 8637） ISI訓練場地 「又一城歡天雪地」溜冰學校極具規模，是香港滑冰聯盟、香港特殊奧運會正式訓練場地，也是ISI Asia培訓溜冰運動員的主要場地。開幕至今擁有超過三千名學生，合約教練均為ISI Asia會員， 專教授團體及私人溜冰課程。 又一城歡天雪地（2844 3588） 地址：九龍塘達之路80號又一城UG層 團體班收費：平日$575，周末及假期$700 內容：每班4至10人，共五堂， 每堂30分鐘 全港最大溜冰場 MegaICE溜冰場26×57米，是香港最大、唯一符合國際標準的溜冰場。MegaICE提供的一系列課程全根據ISI America定立，非常專業。此外，這裏也提供冰球課程，由本港頂尖冰球教練教授，不論初學或進階的學員都有機會參與本地的冰球聯賽。 MegaICE（2709 4020） 地址：九龍灣宏照道38號MegaBox 10樓1號 團體班收費：平日$615、周末及假期$765 內容：每班4至10人，共五堂，每堂30分鐘
20120914-140,20120914,140,如果你兒子叫黃之鋒,如果你兒子叫黃之鋒 上周末，由學民思潮牽起的反國教科抗爭行動，連同其他組織「佔領」政府總部，數以萬計的香港市民史無前例地接連幾晚主動參與集會，終使「擇善固執」的政府修訂國教科政策，雖暫未能「勸諫」未竟全功，但總算勝了一小仗。假如學民思潮召集人黃之鋒是你兒子，你會有甚麼感受？你可能會感到無比擔心，擔心他的人身安全？擔憂他的學業前途？抑或會因為這個兒子，有超卓獨立思考能力、滿有使命感和堅毅勇氣，以及自反23條以來再一次成功牽動群眾理性表達訴求而感到驕傲嗎？我們常說，每個孩子都是獨特個體，孩子今天的模樣，不是一夜間拉長增生而成，而是在不知不覺間撫育出來的。孩子底裏那股頑強的生命力，會因着他們的性格和能力，於合適的時間和空間有所發揮，茁壯起來。這段日子，我們看到一個個優質的少年公民，露真情說真話，不但帶領了一場公民運動，也喚醒了許多成年人的良知。保良局陳守仁小學楊永明校長mailto:derekyeung@hotmail.com.hk
20120914-141,20120914,141,Playgroup開拓孩子社交圈,Playgroup開拓孩子社交圈 自2008年參加香港小姐奪得亞軍和國際親善小姐後，陳倩揚的生活徹底改變，打後短短四年，她成為別人妻子和孩子的媽媽，孩子今年也一歲了。四年光陰，變化萬千，時間好像壓縮了，但又過得十分充實，面對這麼多改變，她每件事情都拿揑得很好，就連替孩子報讀Playgroup，也自有一套精采理論。孩子每天在家對着工人，爸媽回家，孩子的世界也只添多兩個大人，在陳倩揚眼中，孩子應有自己社交圈子，哪管只是個一歲小朋友，她帶孩子上Playgroup，不望孩子學懂生字或分辨動物，只望孩子認識同齡小孩，擁有真正朋友。同學生日可以去生日會，閒時也可以一起玩耍，擁有的世界比躲在爸媽懷裏遼闊得多。不少人或許認為Playgroup只是鬧着玩，其實孩子會不知不覺間學懂待人接物之道，為將來挑戰鋪下穩健道路。變化萬千的人生，陳倩揚應付自如，或許母性使然，她非常喜歡照顧丈夫和孩子，從中獲得工作上不能賦予的滿足感，一個漂亮母親，一個美麗妻子，一個事業有成的女性，在陳倩揚的眼中，你會找到那種睿智的光芒。Supermami網站總編輯羅定康（ http://www.supermami.com.hk） 
20120914-142,20120914,142,我們有福了：睇定聞？,我們有福了：睇定聞？
20120914-143,20120914,143,Asher　五個半月,Asher　五個半月 我好乖好抵錫，最鍾意同Daddy、Mummy傾偈，同埋未學坐先學企。 有相睇！ 想與大家分享你寶貝仔女可愛一面嗎？請附仔女照片一張，列明姓名、年齡及喜惡（30字以內），電郵至mailto:appleparent@yahoo.com.hk，就有機會在本版刊登。
20120914-144,20120914,144,苦命女欠三萬購輪椅,苦命女欠三萬購輪椅 罕見遺傳病威爾遜氏症不單奪去了慧明（24歲）的活潑開朗，更奪去她的自顧能力。一張特製的電動輪椅，可助她重拾自信，拉近和外界的距離。《蘋果》上月報道慧明的苦況後，蘋果日報慈善基金收到逾8.6萬元善款，因訂做電動輪椅需時，已先為她落單訂購，惟尚欠3.4萬元才夠付餘額。 變自卑怕歧視眼光 慧明病後無法排出體內銅質，須長期服用去銅藥避免肝衰竭。惟去年中她發病，導致肝硬化及銅質上腦，令腦神經受損致癱瘓，無法自理，照顧慧明的重擔落在媽媽梁太身上。煮飯、餵食和換片，梁太均「一腳踢」，捱到腰骨勞損。梁太堅強地說：「我樣樣都輸得起，就係輸唔起呢個女！」 慧明發病前任船務文員，開朗又「貪靚」，經常笑容滿臉；但癱瘓後整個人「走樣」，變得自卑，又怕面對周遭的歧視眼光，收藏自己在家。 基督教家庭服務中心職業治療師王麗雯表示，慧明使用的手動輪椅無法承托身體，建議購買的電動輪椅有承托力，更可透過直立架訓練肩膊、手肘及腳部力量。惟任職地盤散工撐起頭家的慧明爸爸無力購買，盼善長伸出援手。 「慧明」捐款編號：C3270 網上捐款： http://charity.appledaily.com.hk/donate  蘋果日報慈善基金 電話：2990 8688 傳真：3711 2468 電郵：mailto:charity@adfund.org.hk 網址： http://charity.appledaily.com.hk  蘋果基金收捐款戶口 恒生銀行：368-006565-001 滙豐銀行：580-198836-001 中國銀行：012-898-00067655 渣打銀行：447-0-667059-3 蘋果日報慈善基金乃根據《稅務條例》第88條獲豁免繳稅的慈善機構 網上捐款 捐款記錄
20120914-145,20120914,145,患病兩老中秋吃雞賞月,"患病兩老中秋吃雞賞月 潘嬸老了，不能像從前一樣，於中秋節為一家七口煮飯。每年中秋節只靠香港家庭福利會送來的「中秋加餸飯」慶節，半隻雞、一窩湯、一碟菜，滿載社會關懷，加上有老伴同吃，已夠她樂上半天！75歲的潘嬸與丈夫潘伯（77歲）是雙老族。潘伯左眼失明，又有腎石須插尿喉，舉步為艱。患糖尿病的潘嬸每日貼身照顧老伴，已無餘暇打理家務。每逢過節，潘嬸也懷念年輕時與子女慶節的開心情境。 5300人獲贈月餅 夫婦的兒女已成家，各人忙於搵食，甚少相見，每每於中秋前後才可共聚一堂吃飯慶節，而中秋正日都只有兩老「撐枱腳」，潘嬸笑說送飯的菜餚「唔夠我煮得咁好味」，惟現時清茶淡飯已感心足，加上中秋有加餸，吃件雞、賞月光，人生一樂！ 今年中秋節舉行的節日加餸顯關懷活動，並獲美心集團送出雙黃蓮蓉月餅。蘋果基金迄今共收到42間社福機構接受邀請，向逾5,300名受惠人派送一餐加餸飯時，每人額外派發一個美心月餅共賀佳節。 「節日加餸飯專戶」捐款編號：S0023 網上捐款： http://charity.appledaily.com.hk/donate  蘋果日報慈善基金 電話：2990 8688 傳真：3711 2468 電郵：mailto:charity@adfund.org.hk 網址： http://charity.appledaily.com.hk  蘋果基金收捐款戶口 恒生銀行：368-006565-001 滙豐銀行：580-198836-001 中國銀行：012-898-00067655 渣打銀行：447-0-667059-3 蘋果日報慈善基金乃根據《稅務條例》第88條獲豁免繳稅的慈善機構 網上捐款 捐款記錄"
20120914-146,20120914,146,公佈要三個月　申請得四星期醫管局派候召補償鬼祟,"公佈要三個月　申請得四星期 醫管局派候召補償鬼祟 醫院管理局今年4月初公佈「候召補償方案」，5,600名合資格非醫生員工可申領補償，涉公帑6,700萬元。惟15名公立醫院護士聯署向《蘋果》批評局方通知鬼祟。醫管局強調已按既定程序公佈，但有業界批評過程欠周詳，有兩成合資格員工沒申領。記者：談建輝 有不願透露姓名的東區醫院護士表示，5月初與同事傾談，才得悉申領程序已展開，遂立即上網下載表格填寫遞交，不過其後接獲局方回覆，指申領期於4月30日已完結，她逾期遞交不獲處理。她不滿說：「我問人力資源部點解收唔到通知，佢哋解釋已經透過電郵發出、又通知咗部門主管。不過，唔係每位員工都有電子郵箱，好多員工都工作忙碌，唔會經常查郵箱，我哋更加冇收過主管通知。」 逾1000名員工未申領 她其後詢問多位同事，原來院內有10多名護士也因不知期限，而錯過申領機會。她批評道：「補償涉及大筆金錢，醫管局唔應該咁輕率，發個電郵就當個別通知咗。」醫管局回應，已按一貫既定發放通告程序處理，該局行政總裁於4月2日公佈方案後，除以電子郵件通知員工及各部門主管外，也把信件張貼於各醫院報告板，又於同日及翌日在本港兩份報章刊登公告，而限期前亦有上載於醫管局內聯網提醒員工。但局方透露，至今只有近八成合資格員工接受補償；換言之，尚有逾1,000名員工未有申領。香港護士協會助理秘書何鴻坤指出，今次非醫生候召補償方案，早於今年1月已獲醫管局大會通過，惟4月初才正式公佈，申領期限則只有短短四星期，不少員工也反映申領時間不足，公佈資訊欠流通。他表示，有些員工未必直接收到申領通知，而填報及確認多年前的候召紀錄也有困難，醫管局一刀切拒絕申請並不恰當。他認為醫管局應寬鬆處理，重新考慮期限後的申領，避免引發新一輪法律訴訟。該方案對象為2004年至09年曾受聘醫管局的護士、醫療人員、行政及支援人員等，於休息日、法定假期或公眾假期曾履行院外候召職務，可申領補發賠償，個人最高補償額為4.2萬元。檔案編號：0719018社會服務◆匿名投訴恕不處理。一經投訴，本報保留刊登權利◆報料熱線：2929 0000◆社會服務熱線：2990 8288◆蘋果日報慈善基金：2990 8688◆電郵：mailto:sservice@appledaily.com◆傳真：3711 2468◆網址： http://charity.appledaily.com.hk "
20120914-147,20120914,147,Subway八達通多扣14元,Subway八達通多扣14元 讀者李小姐上月中到尖沙嘴東部帝國中心Subway快餐店購買一個吞拿魚包，見收銀機屏幕顯示收費27.8元，「但八達通顯示器就向住個職員，我『嘟』咗睇唔到銀碼」，但認為收費以收銀機為準。惟一天後，她到港鐵站查閱八達通付款紀錄，發覺該項收費竟是42元；她滿腹疑團，隨即到OK便利店付3元列印一張八達通詳細付款紀錄，確實該項收費為42元。「我好多時買包都用八達通，被收多咗幾多次錢都唔知，真係好蠱惑」。她質疑職員刻意將八達通收費顯示器向內放置，令客人難以當面查看收費銀碼，故未能即時發現收銀機與八達通的收費有出入。 本報就李小姐個案向Subway快餐店查詢，惟至截稿前未有回覆。檔案編號：0817062社會服務◆匿名投訴恕不處理。一經投訴，本報保留刊登權利◆報料熱線：2929 0000◆社會服務熱線：2990 8288◆蘋果日報慈善基金：2990 8688◆電郵：mailto:sservice@appledaily.com◆傳真：3711 2468◆網址： http://charity.appledaily.com.hk 
20120914-148,20120914,148,童樂日：動物與魔法　秋衣的童話,"童樂日：動物與魔法　秋衣的童話 《和孩士多》中秋都快到了，秋天還會遠嗎？如果你以為秋天一定是昏昏黃黃，只是充滿着落葉的感覺就錯了！小朋友今年的最新秋裝，全都是色彩繽紛，更有動物造型，讓細蚊們一起走入秋天的童話。記者：陳家蕊攝影：潘志恆模特兒：呂晴、Matthew、Vanessa@PureModels H＆M慈善動物派對 要小朋友走入童話故事中，不一定要變成小王子或小公主，幻化成小白兔與魔術師，會否更夢幻？H＆M今秋將推出一系列男女童玩味時裝和趣致派對服裝，就讓這夢幻的童話成真！魔術師帽、披肩和魔術棒，還有連身小兔裝以及北極熊、小兔和紅鶴造形頭套，全都是小朋友變身童話角色的工具，加上紅色蝴蝶結連身裙、趣致的Lurex閃亮衣料短裙等，整個All for Children系列非常跳脫又不失時尚感，令爸媽也想在秋天開個派對給寶貝們吧！H&M這個All for Children計劃，一直籌款支持聯合國兒童基金會（UNICEF），以改善兒童生活，今次新系列的25%營業額，亦將撥捐予UNICEF以支持其在孟加拉的工作，並將於當地及其周邊貧民區，推廣教育及改善孩童的健康狀況；在為自己小朋友添上新裝的同時，亦令其他有需要的小朋友得到幫助，你話何樂而不為呢？不過現在大家先要忍忍手，因為要等10月18日才正式開售！ 法式色彩童話 除了平民牌子，今個秋季連法國高級童裝品牌Bonton也大玩繽紛色彩，告別一貫秋天灰暗感；Bonton今次係首度到港，並在專職搜羅全球個性童裝品牌的Mama Kid中發售。香港媽咪可能未必聽過Bonton，但相信一定認識有法國童裝界LV之稱的Bonpoint；雖然設計一直玩低調法式風格，但價格卻一直高企五千元以上，所以絕對係貴氣逼人！至於走親民路線的Bonton，其總監Irene Cohen，就正正是Bonpoint創辦人Marie-France的女兒。Bonton雖然價格比較大眾化，但是同家族出身，還是有相同的品味，就例如對衣料的要求，就強調完全使用自然染料。擁有二十隻獨家色彩的Bonton，顏色同樣是品牌的賣點，例如古董粉紅色，漫步綠色，屁股紅色等，都讓法式的調子中注入少有活潑童趣。說起童話色彩，Mama Kid亦推介比利時童裝品牌Anne Kurris，她們今季亦起用動物做主題，再加上慣常的大膽着色，絕對是另一股清新風格。 德國名模童話 除了四五歲的小朋友秋裝帶有童話色彩，剛剛出生至兩歲的寶寶，在這個秋季也可以投入童話卡通世界；玩具反斗城獨家帶來由德國超級名模Heidi Klum設計的童裝系列。Heidi不但是名牌時裝的寵兒，亦是電視節目主持、歌手、時裝設計師，及育有四名子女的母親。多才多藝的她，用上自己對孩童服飾的觸覺及認知，設計出了Truly Scrumptious兒童服裝系列。此系列起用了大量粉紅和紫色的蝴蝶、綠和藍色的恐龍，以至圓碌碌大眼睛的怪物等趣致圖案，加上柔軟舒適的物料，絕對在是媽媽們為寶寶扮靚的恩物！a. H&M（3521 1171）b. Mama Kid（2982 2188）c. Toys""R""us（2991 6222）"
20120914-149,20120914,149,米奇史迪仔　本土情景化,米奇史迪仔　本土情景化 在香港買玩具，除了小朋友愛玩之外，知道好多爸爸媽媽本身都愛收集玩具模型；最近全港最大型玩具模型連鎖店UML（環球模型），在中環開設了UML Galleria分店，而且更聯同迪士尼合作，推出Play Buddies Collection；這是一個結合了香港本土文化情懷的情景系列，例如米奇就好罕見地去玩燈籠！而為了慶祝新開張，更將於9月中旬，推出史迪仔車仔檔及主題活動，即場更會免費派發爆穀及棉花糖予顧客，一家大細玩就啱晒！UML Galleria（2885 7232）
20120914-150,20120914,150,譚焯燑　3歲,譚焯燑　3歲 平時最愛整古整怪的我，無論鏡頭在哪我都知道！好醒目㗎！
20120914-151,20120914,151,德甲話題：馬加夫「天生購物狂」　禾堡密密掃 - 青蛙仔,"德甲話題：馬加夫「天生購物狂」　禾堡密密掃 - 青蛙仔 德甲禾夫斯堡的主帥馬加夫似乎是個「天生購物狂」，上季斥資5,090萬歐元（約5.1億港元）簽入20名球員；今季他繼續掃貨，再豪花1,910萬歐元羅致7名球員，其中焦點所在，定是身價700萬歐元的荷蘭前鋒巴斯杜斯。青蛙仔 馬加夫於去年3月返禾堡重掌帥印後，隨即為球隊換血；上季他豪擲逾5,000萬歐元簽新球員，其中於歇冬時就引入9名新兵，並於頭28場聯賽合共起用了36名球員，創下德甲紀錄，最終得第8。於新球季，他又再為球隊換血，雖然較之前收斂，不過仍花近2,000萬歐元簽入7名球員。對馬加夫來說，今輪收購的焦點人物非荷蘭射手巴斯杜斯莫屬。馬加夫說：「我很高興能簽得巴斯杜斯。畢竟他是德甲新丁，故此要一點時間去適應，不過他是個頂級前鋒，定可於德甲發光發亮。」 與巴斯杜斯一拍即合 現年23歲、身高1米96的巴斯杜斯於前年5月由荷華高斯以320萬歐元轉投海倫芬，首季於荷甲入13球；上季，更於荷甲上陣34場轟入32球，成為聯賽神射手之餘，更協助球隊於聯賽取得第5名。巴斯杜斯說：「我兒時的夢想是到德甲比賽。對我來說，加盟禾夫斯堡給予我在德甲一展身手的機會。我知道禾夫斯堡早於1月時已留意我，我與他們教練馬加夫會面之後，發現很適合我發展，於是我亦決定於今夏過檔。」 老將奧歷經驗搭夠 德甲是荷蘭前鋒的天堂，像馬卡爾、亨特拉爾及洛賓等均在此取得成功，故此，禾堡球迷亦對巴斯杜斯寄予厚望。馬加夫續道：「巴斯杜斯已於荷甲證明，在禁區內是極度危險人物。我敢肯定，他在球隊將會扮演一個重要角色。」除巴斯杜斯外，禾堡另外4名新兵亦受到馬加夫重用。防線上，以拿杜夥拍普加迪斯扼守中路，右路起用法格拿；經驗豐富的奧歷則與巴斯杜斯攻堅，這名33歲球員雖於聯賽未開齋，但於德盃首圈連中三元，助球隊大勝森博格5:0。在今夏歐國盃有好表現的捷克中場華拉夫比拿，因傷關係暫未能亮相，預計他復出後有可能取代葡萄牙攻擊球員維爾連亞打正選，並與迪亞高、巴斯杜斯及奧歷於前線並肩作戰。"
20120914-152,20120914,152,特稿眼光差蝕讓無數 - 青蛙仔,"特稿 眼光差蝕讓無數 - 青蛙仔 禾堡去年在迪斯高身上勁執3,300萬歐元（約3.3億港元），但要留意迪斯高屬低價買入球員；而近年他們於高位買入的球員，大部份要蝕讓，其中輸得最慘的一宗交易，一定是意大利守將巴沙利（小圖）。 意防守孖寶高買低沽 禾堡近年在球員交易上成功以低買高賣的代表作，是於去年1月將以400萬歐元購入的波斯尼亞前鋒迪斯高，以3,700萬歐元售給英超超級富豪球會曼城，獲利高達3,300萬歐元。然而，禾堡常在高價買入的球員身上損手；其中於08年夏天斥資2,100萬歐元，簽入意大利防守孖寶巴沙利及薩卡度，惟二人均未能於德甲取得成功，最後黯然離開。可是，禾堡只能收回共430萬歐元的轉會費，其中巴沙利更足足令他們蝕了1,370萬歐元。 另外，在09年夏天，禾堡無厘頭以1,050萬歐元從紐卡素簽入尼日利亞前鋒馬田斯，幸好他們找到魯賓卡山這條「水魚」，願出900萬歐元接收馬田斯，他們才不致勁蝕收場。 青蛙仔"
20120914-153,20120914,153,德甲攻略：奧格難靠撐禾堡 - 青蛙仔,德甲攻略：奧格難靠撐禾堡 - 青蛙仔 季前大換血的禾夫斯堡周五於德甲，作客傷兵滿營兼且開季表現差的奧格斯堡，有力全取3分而回；「讓球」開平手，捧禾堡坐和望贏。（球賽編號：星期五31；有線64及204台明日2:30am直播） 禾堡開季於3場德盃及德甲取得2勝1負，儘管上場「發波瘟」主場慘吞漢諾威4蛋，不過整體表現仍令人滿意。季前他們有射手文迪蘇傑離隊。惟教練馬加夫以全新前鋒組合奧歷及巴斯杜斯攻堅，並由從西甲馬德里體育會借用期滿歸隊的迪亞高，從後支援兼於中場領軍做策劃工作，效果頗好；故此，這個攻擊鐵三角料可為奧格斯堡防線帶來威脅。 主隊前中後缺主力 奧格斯堡上季於德甲主客場皆贏禾堡，往績無疑佔優，但是，他們近況超頹，開季兩場聯賽先後輸給杜塞爾多夫及史浩克04，而且共失5球，可見後防亦似乎滿佈漏洞。還要留意的，是現時他們傷兵滿營，缺門將贊斯、中場具滋哲及前鋒梅蘇拿；他們3人均屬球隊主力，這務必削弱球隊實力。熱捧禾堡[+1]「客勝」之餘，「讓球」開平手亦值捧場。 青蛙仔 星期五31 奧格斯堡 vs 禾夫斯堡 半全場：和/客 盤口：平手 盤口：奧格斯堡[-1] 讓球：禾夫斯堡 讓球主客和：A客勝 1:2
20120914-154,20120914,154,法甲攻略：PSG讓唔起圖盧茲 - 牽牛,法甲攻略：PSG讓唔起圖盧茲 - 牽牛 上仗擊敗里爾才取得法甲首勝的巴黎聖日耳門（PSG），周五在聯賽主場面對圖盧茲，考慮主隊有多名球員參戰國際賽，也有歐聯後顧，難破客軍聯賽不敗身，「讓球主客和」取「客勝」。 主將頻撲體力成疑 PSG上仗憑伊巴謙莫域梅開二度，以2:1擊敗里爾，終在今季法甲開齋，教練安察洛堤壓力稍減；但作為富豪級球隊，當然國腳如雲，伊巴謙莫域、拿維斯、馬高華拉堤等都為國家隊出戰世界盃外圍賽，其中阿根廷國腳拿維斯更要返南美洲，應付兩場比賽，經過舟車勞頓之苦後，今仗更獲准休戰。另外，主隊仍有保迪馬、查杜美等傷兵。PSG今季雖仍保不敗，但兩場主場只賽和羅連安特及波爾多，水準一般；對該隊更不利，是歐聯分組賽即將展開，下周二就要主場對基輔戴拿模，大戰前夕，對安帥調兵遣將安排也有影響。客軍圖盧茲成為法甲開季奇兵之一，至今4戰取得2勝2和，排名及積分均勝主隊；中場伊天卡普爾周中代表法國出戰世盃外，更取得國際賽首個入球，信心更為爆棚。客軍今仗可望「夫添」出擊，近6次作客PSG，也取得2勝1和3負，不敗率亦有5成，今仗「客勝」賠率吸引，值得一博。牽牛 星期五32 巴黎聖日耳門 vs 圖盧茲半全場：和/和盤口：巴黎聖日耳門[-1]讓球主客和：A客勝1:1
20120914-155,20120914,155,德甲數據王：拜仁主場由頭贏到尾,德甲 數據王：拜仁主場由頭贏到尾 周六於主場對緬恩斯的拜仁，近來於安聯球場比賽表現好，對上5場取得4勝1和，僅被車路士逼和1:1而無法勝出；而於該4場勝仗，他們更同是開出[贏贏]，球迷投注時宜留意。 拜仁近5場主場成績 日期︰02/09/12 賽事︰德甲 賽果（半場）︰勝史特加6:1（3:1） 半全場︰贏贏 日期︰13/08/12 賽事︰德超盃 賽果（半場）︰勝多蒙特2:1（2:0） 半全場︰贏贏 日期︰20/05/12 賽事︰歐聯 賽果（半場）︰和車路士1:1（0:0） 半全場︰和和 日期︰28/04/12 賽事︰德甲 賽果（半場）︰勝史特加2:0（1:0） 半全場︰贏贏 日期︰18/04/12 賽事︰歐聯 賽果（半場）︰勝皇家馬德里2:1（1:0） 半全場︰贏贏 周五德甲利「半細」 奧格斯堡在主場與禾夫斯堡合演德甲周五場，回看近6次德甲周五場，半場總是少交收，多達5場的總入球是1球或以下而開出「半細」，但全場入波多，開了4「大」2「細」。 多蒙特迎利華慢熱 力爭德甲3連冠的多蒙特，周六將於主場對利華古遜，但他們近年迎利華成績麻麻，5戰取得3勝1和1負，勝率得6成，惟於半場少波入，有4場是開總入球1球或以下而開出了「半細」。 史浩克訪升班馬冇着數 將於周六夜場作客新升班馬格雷特霍夫的史浩克，近年作客升班馬表現平平；於對上3季共7場比賽錄得3勝3和1負，贏出率得4成3，半場戰績亦一樣，也是取得3勝3和1負。
20120914-156,20120914,156,丘仔世界︰黑貓打老虎 - 丘建威,丘仔世界︰黑貓打老虎 - 丘建威 國際賽檔期過後，周末隨即戰雲密佈，加上下周歐聯、歐霸又開火，究竟云云星將中，又有幾多個能極速回氣？可以預期本周的入球率與強隊取勝率，都一定有所折扣。英超明晚共演8場，究竟利物浦能否開齋？本周作客「黑貓」新特蘭，似乎又是另一場硬仗！自新帥羅渣士領軍後，不少前朝球員如古積特、卡路爾、比拿美等已被掃走，達寧更被下令轉型踢左閘。不少人認為，羅渣士並非領導紅軍的好材料，可是一眾球員均對新帥相當賣命，頭3仗聯賽，紅軍的表現亦非太差，其中對阿仙奴一役，就更是高水準的敗仗。3戰只得1分並未反映球隊真正實力，當然謝拉特與蘇亞雷斯未在最佳狀態，卻是不爭的事實。羅渣士在史雲斯取得成功，革命性的西班牙式踢法固然是重點，但更重要的，卻是羅渣士大刀闊斧重用新人。新季在利物浦，簽入的「新柏加」祖阿倫絕對沒有入錯貨，而剛入選英格蘭大國腳的17歲新星史達寧，亦相當有潛質，若然好波之人紐尼沙軒能夠盡快適應英超節奏，紅軍今季的前景仍可看好。向來擅打老虎的新特蘭，季內雖然兩戰全和（主場對雷丁一仗延期），不過能夠作客力抗阿仙奴與開季神勇的史雲斯，領隊奧尼爾當然值得一讚。箭頭屆屆轉人的新特蘭，由基恩、賓特拿到新加盟的史提芬費查，都相當實而不華，這種實幹派的風格，亦正是奧尼爾的魅力所在。預料明晚才在主場首度亮相英超的新特蘭，將會一如以往踢來謹慎；雖說利物浦心急開齋，但明知對方專打老虎，看來在部署與踢法上，亦會小心翼翼，不排除雙方半場會未分高下。丘建威有線足球評述員
20120914-157,20120914,157,〈蘋果波經〉名家擂台（8-9月）,〈蘋果波經〉名家擂台（8-9月）
20120914-158,20120914,158,周五及六各地聯賽賠率表,周五及六各地聯賽賠率表
20120914-159,20120914,159,周六及日各地聯賽賠率表,周六及日各地聯賽賠率表
20120914-160,20120914,160,周日及一各地聯賽賠率表,周日及一各地聯賽賠率表
20120914-161,20120914,161,日乙攻略：風林迎綠雉吼「細」啱數 - 何西,日乙攻略：風林迎綠雉吼「細」啱數 - 何西 日乙聯賽加開快車，周五與下周一火速進行兩輪賽事。榜首甲府風林今日於主場迎戰岡山綠雉，首席射手達維復出下穩操勝券。風林頻頻奏捷，但常煲「魚生粥」，今仗難望出現大手交易賽果，博入球「細」更穩。 甲府風林目前位列日乙榜首，暫以4分領先次席的湘南比馬。球隊在今季一直表現穩定，自6月中至今更一口氣取得10勝4和不敗佳績。甲府風林視爭取升班重返日聯為最大目標，因此對盃賽的重視程度並不算太高；球隊於上周日皇盃賽事將首席射手達維收起，結果在主場面對更低組別的福島聯隊，戰至互射12碼下落敗。在日皇盃被淘汰後，風林可專心爭取升班，絕對是有利無害。 風林喜食「魚生粥」 在今季日乙已攻入24球，雄踞射手榜榜首的巴西前鋒達維，可望於今仗復任正選，有他在陣，風林勝算自然大增。不過達維佔去風林總入球數字的一半，球隊進攻上對他過於倚重亦是不爭事實。風林在最近7場比賽每場的入球數字皆在兩球或以下，而過去8場聯賽勝仗中，佔7戰皆是僅贏對手一球，因此敲[-1]「主勝」未免比較冒險。 岡山綠雉雖保持連續6場聯賽不敗，但近3戰皆和局收場，而另外3場勝仗的對手皆屬下游分子。岡山綠雉經過32輪聯賽僅入29球，進攻火力疲弱；加上陣中不少主力因傷停缺陣，預計今仗面對榜首球隊亦會先求不失，開入球「細」機會大。 何西 入球大細/讓球主客和 星期五10 甲府風林細（1.62） 星期五10 甲府風林和[-1]（3.3）
20120914-162,20120914,162,蘋果波經賠率表（球賽編號：星期五1-8）,蘋果波經賠率表（球賽編號：星期五1-8）
20120914-163,20120914,163,蘋果波經賠率表（球賽編號：星期五9-22）,蘋果波經賠率表（球賽編號：星期五9-22）
20120914-164,20120914,164,周三球賽賽後報告,周三球賽賽後報告
20120914-165,20120914,165,蘋果波經賠率表（球賽編號：星期五23-38）,蘋果波經賠率表（球賽編號：星期五23-38）
20120914-166,20120914,166,求驗客手記︰英超睇新兵　奧雲篤定披甲 - 求驗客,求驗客手記︰英超睇新兵　奧雲篤定披甲 - 求驗客 奧雲仔返嚟嘞！人間蒸發咗3年，唔係，喺曼聯坐冷板坐咗3年先啱，奧雲今季以自由身加盟史篤城，周六晚好有機會幫新球會上陣，主場迎戰曼城；俾人投閒置散，鬱埋鬱埋成3年，奧雲今次要爆發嘞！ 獲新拍檔高治大讚 09年，奧雲拒絕史篤城嘅邀請，走去做反骨仔加盟曼聯，結果嘥咗3年時間，加埋得6次英超正選；兜兜轉轉，32歲嘅昔日金童始終都投向史篤城嘅懷抱；喺嚟緊主場對曼城嘅比賽，奧雲好有機會首次披甲。同樣踢過利物浦、家係史篤城主力射手嘅高治，就睇好奧雲可以鹹魚翻生，「如果米高可以長踢正選又有入波，佢完全可以入番英格蘭國家隊。」翻查數據，史篤城自08年升上英超後，主場都未輸過畀曼城；我求大俠就睇吓奧雲會唔會發威，幫球隊擊敗曼城。 紅魔新左閘或擔正 曼城嗰邊有射手阿古路復操，但話晒傷咗成個月，相信領隊文仙尼唔會派佢對史篤城，會留到下周二作客皇家馬德里嘅歐聯先至畀佢出場。文仙尼喺轉會窗完結前買咗堆新人返嚟，包括前鋒史葛冼佳亞、中場查維加西亞同右閘馬爾干，佢哋都有機會喺今仗處子登場！ 除咗尹佩斯同香川真司，曼聯仲有法國左閘艾拉受傷，或會喺周末缺陣。趁今場對手韋根唔算好強，加上下周三要喺歐聯對加拉塔沙雷，曼聯正好畀艾拉唞吓，試用今季喺荷甲買番嚟嘅新仔阿歷山大畢拿。聽曼聯球探講，佢只係荷甲第4勁嘅左閘；我求大俠都未睇過佢踢波，周六晚就可以睇吓辦！ 史雲斯方面，左閘尼爾泰萊斷腳收「咧」，臨急臨忙簽咗迪安達里。呢位替工家26歲，係前荷蘭小國腳，上季踢川迪。不過史雲斯都有情有義，諗住同尼爾泰萊在內嘅幾位球員續長約。另外富咸放走中場核心迪比利後，簽咗35歲嘅希臘老將加拉高尼斯返嚟，聽晚大家都機會睇到佢嘅表現。
20120914-167,20120914,167,求驗客手記︰C朗扭完計玩專注 - 求驗客,求驗客手記︰C朗扭完計玩專注 - 求驗客 早前不停話自己唔開心，想轉會走人嘅皇家馬德里前鋒基斯坦奴朗拿度（右），早前喺自己Facebook上面寫，代表葡萄牙對完阿塞拜疆後，係時候專注球會。係囉，唔扭計咪好囉！皇馬亦好想留住佢，有傳佢哋想用終身合約箍死C朗一世。另一邊廂，巴塞隆拿就冇死敵咁開心，因為陣中兩名西班牙國腳恩尼斯達同佐迪艾巴，都因為受傷而打唔到周六對基達菲場波。
20120914-168,20120914,168,求驗客手記︰戴維斯捲入假波案 - 求驗客,求驗客手記︰戴維斯捲入假波案 - 求驗客 6屆桌球世界冠軍戴維斯（圖），周二被指涉嫌打假波？世界桌球協會表示，發現上周六，佢對泰國球手塔猜亞嘅比賽，有唔尋常投注，所以要查明真相。場波由現時世界排名49嘅戴維斯以4:0擊敗對手，照計就冇咩問題。不過，戴維斯身為協會高層，公平起見都一樣要接受調查。協會仲話如果有任何球員打假波，可能判佢終身停賽㖭！我求大俠都認為，要重罰嗰啲打假波嘅球員，殺一儆百！
20120914-169,20120914,169,求驗客手記︰軒寧下年3月做媽媽 - 求驗客,求驗客手記︰軒寧下年3月做媽媽 - 求驗客 前世界「1姐」、比利時球手軒寧（圖）有喜呀！呢位7次大滿貫得主，周三喺Twitter同Facebook專頁宣佈，自己將會成為人母！佢喺02至07年嘅第一段婚姻，同前夫冇小朋友，之後全情投入搞網球學校；2011年再退出，之後同新男友Benoit行埋咗。30歲嘅軒寧仲講預計小朋友下年3月出世，不過希望佢復出嘅球迷就灰喇，因為偶像有咗就肯定唔會出山啦！
20120914-170,20120914,170,求驗客手記︰NBA向史卡拉賓致敬 - 求驗客,求驗客手記︰NBA向史卡拉賓致敬 - 求驗客 可能有好多人覺得曾效力公牛、塞爾特人嘅史卡拉賓（圖）好廢；不過無可否認，美國有好多球迷都好支持呢位綽號「The White Mamba」嘅大前鋒。已經34歲嘅史卡拉賓，上季之後決定退休，嘗試向傳媒界發展；NBA好有心咁整咗個史卡拉賓生涯精華。我求大俠都係White Mamba球迷，希望呢位深受球迷愛戴、球員生涯出場520次，正選上陣61場嘅球員退役之後前程似錦啦！
20120914-171,20120914,171,方心假期︰財政條款真係公平？ - 方栢翹,"方心假期︰財政條款真係公平？ - 方栢翹 上年歐洲足協主席柏天尼實牙實齒話要推出財政公平競技條款（Financial Fair Play，即FFP），可能好多球會仍在冷笑「睇下點？」豈料本周，歐足協就落實調查23間球會，更扣起去屆歐霸盃冠軍馬體會的獎金，令人驚嘆原來柏天尼「嚟真」！柏天尼話FFP原意是希望歐洲球會財政回復健康，減低爆煲破產機會。據報單是英超，每季債務總和便達31億歐元。FFP指明2014/15球季前3年內，每間球會總虧損不可超過4,500萬歐元，此限額往後將每年遞減，而且球會老闆直接注資的金額並不計算在收入內；違規者除像馬體會般，獎金被扣起，嚴重者更會被取消參加歐洲賽資格。這項令大球會未能瘋狂增兵的條例，卻被柏天尼指，獲各大會贊成，點解？難道當中暗藏魔鬼條款？細心想想中小型班如維拉的心聲，他們日夜求神拜佛，就是希望被中東、俄國富豪睇中，「嫁入豪門」後搖身一變成為曼城第2；在FFP下，這個飛上枝頭的好夢恐難成事。曼城球迷可能心中暗喜「好在『嫁』得快！」另外，如曼聯、阿仙奴等大會，本身對巨額贊助的叫座力較高，就算保持唔蝕錢，收購球星能力亦肯定在營業額細得多的修咸頓和諾域治之上。如此一來，難怪各大球會都話撐柏天尼！FFP當然可令大球會負債減少，但會否同時造成貧者越貧富者越富的副作用？香港人要間公司唔蝕錢好叻，但要解決貧富懸殊？Sorry，我乜都唔識！方柏翹now足球評述員"
20120914-172,20120914,172,體壇傳真︰續踞榜首,體壇傳真︰續踞榜首 傑志昨在主場將軍澳運動場的港甲，憑林嘉緯、鄭少偉（左）及曾錦濤各建一功，3:0擊敗南區，續踞榜首。連續兩場有「士哥」的鄭少偉賽後坦言，對手邊線防守弱，令自己表現搶鏡。 鄧永賢攝
20120914-173,20120914,173,體壇傳真︰巨人殺手,體壇傳真︰巨人殺手 繼首圈淘汰賀健士後，香港的馮國威（右）昨在尖東名將舉行的名將盃分組賽，再以5:3擊敗前世界冠軍羅拔臣（左）；但後者仍能以較佳細分，晉級今日決賽，爭奪12萬港元冠軍獎金。 徐嘉華攝
20120914-174,20120914,174,體壇傳真︰港將摘銅,體壇傳真︰港將摘銅 港隊繼日前武術奪銅後，男子泳手鄭嘉俊（右二）在全國大學生運動會男甲200米蝶泳決賽，以2分9秒20為香港取得第2面銅牌；冠、亞軍分別來自天津及浙江的選手。相片由香港大專體育協會提供
20120914-175,20120914,175,足球港隊補選鄧景煌戰東錦外,足球 港隊補選鄧景煌戰東錦外 足總昨日公佈，增選太陽飛馬後衞鄧景煌入港隊集訓，備戰12月初在香港舉行的東錦外及兩場對馬來西亞的友賽，而港隊未來兩周將與傑志及太陽飛馬進行熱身賽。本報消息（香港）
20120914-176,20120914,176,足球恒大和波仍排榜首,足球 恒大和波仍排榜首 中超廣州恒大周四作客大連阿爾濱，雖然孔卡、穆里奇等多名主力均有上陣，但仍未能攻破主隊大門，只能以0:0悶和對手。和波只得1分的恒大，現以48分續排榜首。綜合外電（中國）
20120914-177,20120914,177,F1中國車手獅城續試車,F1 中國車手獅城續試車 馬清驊繼成為首名有份參加賽前試車的中國車手，周四再獲所屬車隊HRT給予機會，將為車隊於下周F1新加坡站試車；該名24歲車手表示，得到車隊肯定而感到高興。綜合外電（中國）
20120914-178,20120914,178,網球32歲費里路高掛球拍,網球 32歲費里路高掛球拍 西班牙網球手費里路，周三宣佈退休，結束14年職業生涯；32歲的費里路有「蚊子」之稱，職業生涯取得包括03年法網的16個錦標，並曾排名世界第1。 綜合外電（西班牙）
20120914-179,20120914,179,游泳孫楊破大運會紀錄奪金,游泳 孫楊破大運會紀錄奪金 代表浙江大學出戰大運會的泳將孫楊，周四於400米自由泳決賽，以破大會紀錄的3分47秒23，奪得個人第2面金牌，而在4x200米自由泳接力決賽，則助浙江隊取得銀牌。綜合外電（中國）
20120914-180,20120914,180,籃球傑特否認醉駕指控,籃球 傑特否認醉駕指控 今季由小馬轉投紐約人的控衞傑特，周三透過律師宣佈，將會否認醉駕的指控。該名39歲球員早前因酒後駕駛，撞向其住所附近一條電線桿而被捕。 綜合外電（美國）
20120914-181,20120914,181,今日有乜睇,今日有乜睇
